name,year,selling_price,km_driven,fuel,seller_type,transmission,owner
Toyota Etios 2022,2022,18.8,26873.0,petrol,Trustmark Dealer,Automatic,First Owner
Ford Endeavour 2020,2020,5.93,24400.0,petrol,Individual,Manual,First Owner
Ford Figo 2009,2009,1.5,220000.0,Diesel,Individual,Manual,First Owner
Volkswagen Vento 2018,2018,4.68,92068.0,diesel,Trustmark Dealer,Manual,First Owner
Maruti Swift 2018,2018,2.37,94232.0,LPG,Individual,Manual,First Owner
Honda WR-V 2018,2018,6.19,60676.0,diesel,Individual,Manual,First Owner
Maruti Wagon R 2017,2017,2.38,82869.0,Petrol,Dealer,Manual,Third Owner
Mahindra XUV300 2019,2019,5.82,64288.0,CNG,Dealer,Manual,First Owner
Skoda Octavia 2014,2014,4.09,127563.0,petrol,Individual,Manual,First Owner
Maruti Alto 2009,2009,1.19,197601.0,PETROL,Dealer,Automatic,Second Owner
Toyota Etios 2016,2016,7.3,117970.0,Petrol,Individual,Manual,First Owner
Hyundai Verna 2009,2009,1.32,212671.0,petrol,Individual,Manual,First Owner
Tata Altroz 2011,2011,1.35,184237.0,Diesel,Dealer,Manual,First Owner
Hyundai Creta 2017,2017,3.54,96879.0,Diesel,Dealer,Manual,Fourth & Above Owner
Toyota Fortuner 2009,2009,3.14,216158.0,Petrol,Individual,Manual,First Owner
Renault Triber 2014,2014,1.55,134217.0,Petrol,Individual,Manual,First Owner
Honda Amaze 2007,2007,1.36,220000.0,PETROL,Trustmark Dealer,Manual,Second Owner
Volkswagen Polo 2010,2010,1.66,196664.0,petrol,Dealer,Manual,First Owner
Renault Triber 2012,2012,1.1,169233.0,petrol,Individual,Manual,Second Owner
Renault Triber 2010,2010,0.78,200915.0,petrol,Individual,Manual,First Owner
Volkswagen Polo 2010,2010,1.64,220000.0,PETROL,Individual,Manual,First Owner
Volkswagen Taigun 2013,2013,2.25,177303.0,Diesel,Dealer,Manual,First Owner
Mahindra Scorpio 2021,2021,7.56,49765.0,PETROL,Trustmark Dealer,Manual,First Owner
Honda City 2012,2012,1.91,165638.0,diesel,Individual,Manual,Third Owner
Tata Harrier 2016,2016,3.0,98871.0,Petrol,Individual,Automatic,Second Owner
Mahindra XUV500 2012,2012,3.16,173949.0,Petrol,Dealer,Automatic,First Owner
Maruti Alto 2018,2018,2.94,83439.0,Diesel,Dealer,Manual,Third Owner
Maruti Baleno 2009,2009,0.92,213895.0,Diesel,Individual,Manual,Second Owner
Maruti Alto 2013,2013,1.79,148664.0,Petrol,Dealer,Manual,First Owner
Hyundai i20 2008,2008,1.23,220000.0,petrol,Individual,Manual,First Owner
Hyundai Venue 2008,2008,1.35,220000.0,petrol,Dealer,Manual,First Owner
Volkswagen Taigun 2007,2007,1.28,220000.0,petrol,Individual,Manual,First Owner
Skoda Kushaq 2022,2022,10.94,23220.0,Diesel,Dealer,Manual,First Owner
Maruti Wagon R 2008,2008,0.86,220000.0,PETROL,Individual,Manual,Second Owner
Toyota Fortuner 2018,2018,10.85,79957.0,diesel,Dealer,Manual,First Owner
Toyota Glanza 2018,2018,9.78,80368.0,PETROL,Dealer,Automatic,Third Owner
Skoda Rapid 2015,2015,5.13,118039.0,Diesel,Dealer,Automatic,First Owner
Skoda Octavia 2015,2015,3.91,116217.0,PETROL,Individual,Manual,Third Owner
Renault Kwid 2012,2012,0.89,189623.0,Petrol,Individual,Manual,Second Owner
Mahindra XUV300 2017,2017,5.71,80230.0,PETROL,Dealer,Manual,First Owner
Tata Altroz 2021,2021,4.47,25679.0,PETROL,Individual,Manual,First Owner
Toyota Etios 2007,2007,2.82,220000.0,petrol,Individual,Automatic,Second Owner
Maruti Swift 2012,2012,1.33,177257.0,diesel,Dealer,Manual,First Owner
Toyota Glanza 2011,2011,2.91,215601.0,Diesel,Dealer,Manual,Third Owner
Maruti Dzire 2017,2017,3.61,88477.0,Petrol,Individual,Automatic,First Owner
Mahindra Scorpio 2009,2009,1.71,220000.0,petrol,Dealer,Manual,Second Owner
Volkswagen Vento 2012,2012,1.92,177528.0,Diesel,Individual,Manual,Second Owner
Maruti Alto 2018,2018,3.23,74675.0,Petrol,Individual,Manual,First Owner
Ford EcoSport 2014,2014,2.56,128038.0,Petrol,Individual,Manual,First Owner
Tata Altroz 2010,2010,1.31,187472.0,PETROL,Individual,Manual,First Owner
Tata Altroz 2019,2019,3.42,34126.0,petrol,Dealer,Manual,Third Owner
Volkswagen Polo 2016,2016,3.23,114148.0,Petrol,Trustmark Dealer,Manual,Second Owner
Renault Kwid 2019,2019,2.82,71084.0,Diesel,Dealer,Manual,First Owner
Maruti Wagon R 2009,2009,0.71,219549.0,Petrol,Dealer,Manual,Third Owner
Mahindra XUV300 2012,2012,2.37,184968.0,Diesel,Dealer,Manual,Third Owner
Honda Jazz 2014,2014,3.01,159308.0,Diesel,Dealer,Manual,Second Owner
Hyundai Creta 2011,2011,1.67,199802.0,diesel,Dealer,Manual,First Owner
Hyundai Venue 2012,2012,1.76,165181.0,Petrol,Dealer,Manual,First Owner
Mahindra XUV300 2011,2011,1.8,201576.0,Petrol,Individual,Manual,Third Owner
Toyota Innova 2021,2021,12.45,40037.0,Diesel,Individual,Manual,Second Owner
Hyundai i20 2020,2020,5.21,59418.0,Petrol,Dealer,Manual,Second Owner
Hyundai i20 2007,2007,1.18,220000.0,diesel,Individual,Manual,First Owner
Skoda Kushaq 2014,2014,3.91,153295.0,diesel,Individual,Manual,Second Owner
Skoda Kushaq 2014,2014,4.18,149574.0,cng,Dealer,Automatic,First Owner
Maruti Alto 2022,2022,5.28,22891.0,petrol,Dealer,Manual,First Owner
Hyundai Venue 2011,2011,1.37,180797.0,CNG,Dealer,Manual,First Owner
Mahindra XUV300 2016,2016,5.16,122913.0,petrol,Trustmark Dealer,Automatic,First Owner
Honda Amaze 2016,2016,2.58,133612.0,LPG,Individual,Manual,Third Owner
Mahindra Bolero 2019,2019,5.14,77495.0,cng,Trustmark Dealer,Manual,First Owner
Skoda Octavia 2015,2015,4.62,131263.0,diesel,Trustmark Dealer,Manual,First Owner
Maruti Swift 2009,2009,1.14,220000.0,diesel,Trustmark Dealer,Manual,First Owner
Skoda Rapid 2013,2013,2.85,168656.0,Petrol,Dealer,Manual,Second Owner
Ford Endeavour 2014,2014,3.07,128823.0,diesel,Dealer,Manual,First Owner
Volkswagen Vento 2010,2010,1.75,207522.0,PETROL,Dealer,Automatic,First Owner
Toyota Etios 2012,2012,4.33,174258.0,petrol,Individual,Manual,First Owner
Honda Amaze 2010,2010,1.83,200729.0,Petrol,Dealer,Manual,First Owner
Maruti Wagon R 2016,2016,3.08,106549.0,Diesel,Individual,Automatic,First Owner
Tata Altroz 2008,2008,1.02,220000.0,diesel,Individual,Manual,First Owner
Skoda Rapid 2016,2016,4.86,113735.0,PETROL,Dealer,Manual,First Owner
Volkswagen Vento 2019,2019,4.5,60932.0,Diesel,Dealer,Manual,Fourth & Above Owner
Honda City 2015,2015,3.3,142188.0,diesel,Individual,Manual,First Owner
Toyota Fortuner 2011,2011,3.41,188532.0,petrol,Individual,Manual,First Owner
Maruti Baleno 2011,2011,1.13,194866.0,Diesel,Individual,Manual,Second Owner
Maruti Alto 2008,2008,0.95,220000.0,cng,Trustmark Dealer,Automatic,First Owner
Toyota Innova 2010,2010,3.64,200434.0,petrol,Dealer,Automatic,Second Owner
Renault Duster 2021,2021,2.75,34019.0,PETROL,Individual,Manual,Fourth & Above Owner
Toyota Fortuner 2015,2015,6.28,129928.0,Diesel,Individual,Manual,Second Owner
Honda City 2014,2014,2.98,125248.0,Diesel,Trustmark Dealer,Manual,Second Owner
Mahindra Scorpio 2021,2021,11.69,40725.0,Diesel,Dealer,Automatic,First Owner
Toyota Glanza 2012,2012,3.48,169235.0,Petrol,Individual,Manual,First Owner
Honda WR-V 2009,2009,1.79,220000.0,Petrol,Individual,Manual,First Owner
Volkswagen Taigun 2010,2010,1.41,200986.0,cng,Individual,Manual,Second Owner
Toyota Etios 2007,2007,2.51,220000.0,petrol,Trustmark Dealer,Manual,First Owner
Hyundai i20 2017,2017,3.72,95049.0,diesel,Trustmark Dealer,Manual,First Owner
Toyota Etios 2022,2022,10.78,33500.0,cng,Dealer,Manual,Fourth & Above Owner
Tata Nexon 2019,2019,3.93,62740.0,petrol,Individual,Manual,Second Owner
Hyundai Venue 2021,2021,4.95,48020.0,LPG,Individual,Manual,First Owner
Renault Duster 2013,2013,1.35,179062.0,Petrol,Individual,Automatic,Second Owner
Hyundai Venue 2010,2010,1.57,180071.0,PETROL,Dealer,Manual,First Owner
Maruti Dzire 2013,2013,2.1,139031.0,Diesel,Dealer,Automatic,First Owner
Mahindra XUV500 2015,2015,3.87,121881.0,cng,Individual,Manual,First Owner
Toyota Fortuner 2010,2010,3.37,189174.0,petrol,Individual,Manual,First Owner
Mahindra Bolero 2018,2018,5.96,69481.0,Diesel,Individual,Manual,First Owner
Ford Endeavour 2020,2020,5.5,69097.0,diesel,Dealer,Manual,First Owner
Toyota Innova 2011,2011,3.21,192024.0,cng,Individual,Manual,First Owner
Tata Nexon 2008,2008,1.02,220000.0,diesel,Individual,Manual,Second Owner
Maruti Dzire 2022,2022,4.48,3633.0,Petrol,Individual,Manual,Third Owner
Honda Jazz 2014,2014,2.68,149067.0,CNG,Individual,Manual,First Owner
Mahindra XUV300 2008,2008,1.82,220000.0,Petrol,Trustmark Dealer,Manual,First Owner
Mahindra Bolero 2022,2022,7.98,25600.0,CNG,Dealer,Manual,First Owner
Tata Harrier 2020,2020,5.44,34703.0,petrol,Individual,Automatic,First Owner
Tata Nexon 2008,2008,1.02,220000.0,petrol,Individual,Manual,First Owner
Mahindra Bolero 2009,2009,1.67,216057.0,cng,Dealer,Manual,Second Owner
Ford Figo 2013,2013,2.2,154766.0,Petrol,Individual,Manual,First Owner
Toyota Fortuner 2022,2022,15.54,18667.0,PETROL,Individual,Manual,First Owner
Hyundai Verna 2020,2020,6.09,56178.0,Diesel,Individual,Manual,First Owner
Volkswagen Taigun 2021,2021,7.22,24676.0,diesel,Dealer,Manual,First Owner
Renault Duster 2017,2017,1.82,112008.0,Petrol,Dealer,Manual,First Owner
Skoda Octavia 2017,2017,5.21,119677.0,diesel,Dealer,Manual,Second Owner
Maruti Alto 2017,2017,3.33,106700.0,Diesel,Individual,Automatic,First Owner
Honda Amaze 2013,2013,3.95,135175.0,diesel,Individual,Automatic,First Owner
Hyundai Venue 2013,2013,2.5,147382.0,Diesel,Individual,Manual,First Owner
Tata Nexon 2020,2020,4.87,27761.0,petrol,Dealer,Manual,First Owner
Renault Duster 2007,2007,0.66,220000.0,Diesel,Dealer,Manual,Second Owner
Toyota Innova 2008,2008,3.11,220000.0,Diesel,Dealer,Manual,First Owner
Honda Amaze 2020,2020,8.87,29659.0,diesel,Individual,Automatic,Second Owner
Maruti Baleno 2007,2007,0.69,220000.0,LPG,Trustmark Dealer,Manual,First Owner
Maruti Alto 2016,2016,2.32,120295.0,Diesel,Trustmark Dealer,Manual,First Owner
Volkswagen Taigun 2011,2011,1.83,166774.0,PETROL,Individual,Manual,First Owner
Skoda Rapid 2020,2020,8.79,52438.0,CNG,Dealer,Manual,First Owner
Mahindra Scorpio 2015,2015,4.2,115005.0,diesel,Dealer,Manual,Second Owner
Tata Harrier 2019,2019,3.65,90903.0,Petrol,Individual,Manual,First Owner
Volkswagen Taigun 2013,2013,2.47,147700.0,diesel,Individual,Manual,First Owner
Mahindra Scorpio 2008,2008,1.93,216338.0,diesel,Trustmark Dealer,Manual,First Owner
Volkswagen Vento 2017,2017,4.85,89459.0,Diesel,Trustmark Dealer,Manual,First Owner
Ford Endeavour 2013,2013,2.11,151392.0,petrol,Dealer,Manual,Second Owner
Tata Altroz 2012,2012,1.41,182276.0,petrol,Individual,Manual,First Owner
Volkswagen Taigun 2014,2014,2.5,150918.0,PETROL,Trustmark Dealer,Manual,Second Owner
Hyundai Venue 2021,2021,6.45,55849.0,diesel,Dealer,Manual,Second Owner
Skoda Rapid 2008,2008,2.35,220000.0,diesel,Individual,Automatic,Second Owner
Volkswagen Vento 2015,2015,3.0,158129.0,diesel,Dealer,Manual,First Owner
Tata Nexon 2019,2019,3.19,88095.0,Diesel,Trustmark Dealer,Manual,Third Owner
Maruti Dzire 2013,2013,1.43,170815.0,PETROL,Individual,Manual,First Owner
Maruti Baleno 2016,2016,2.12,100147.0,PETROL,Individual,Manual,Second Owner
Hyundai i10 2009,2009,1.23,220000.0,cng,Dealer,Manual,First Owner
Honda Amaze 2017,2017,5.4,102464.0,PETROL,Individual,Automatic,First Owner
Maruti Baleno 2019,2019,3.36,84047.0,Diesel,Individual,Manual,First Owner
Skoda Octavia 2019,2019,8.52,69575.0,Diesel,Individual,Manual,First Owner
Toyota Etios 2018,2018,8.72,71849.0,LPG,Trustmark Dealer,Manual,First Owner
Volkswagen Polo 2007,2007,1.1,220000.0,cng,Individual,Manual,Second Owner
Toyota Glanza 2015,2015,6.01,127160.0,PETROL,Individual,Manual,First Owner
Tata Nexon 2008,2008,1.12,220000.0,Petrol,Trustmark Dealer,Automatic,Second Owner
Hyundai Venue 2010,2010,1.92,212842.0,diesel,Dealer,Manual,First Owner
Skoda Kushaq 2013,2013,4.09,137638.0,petrol,Individual,Automatic,First Owner
Skoda Octavia 2016,2016,4.89,135583.0,PETROL,Individual,Manual,Second Owner
Tata Tiago 2020,2020,4.29,52427.0,LPG,Dealer,Automatic,Second Owner
Tata Tiago 2007,2007,1.1,220000.0,diesel,Dealer,Manual,First Owner
Honda Jazz 2014,2014,2.79,152364.0,cng,Individual,Manual,First Owner
Renault Triber 2014,2014,1.55,134217.0,Petrol,Individual,Manual,First Owner
Honda WR-V 2007,2007,1.25,220000.0,PETROL,Dealer,Manual,Third Owner
Volkswagen Taigun 2011,2011,1.9,186455.0,diesel,Dealer,Manual,First Owner
Hyundai i20 2008,2008,1.45,220000.0,PETROL,Individual,Automatic,First Owner
Tata Tiago 2016,2016,2.74,106231.0,Petrol,Individual,Manual,First Owner
Maruti Dzire 2014,2014,2.05,123061.0,Diesel,Individual,Manual,First Owner
Renault Triber 2011,2011,0.93,177140.0,Petrol,Individual,Manual,Second Owner
Hyundai i20 2019,2019,4.65,65819.0,cng,Individual,Manual,First Owner
Volkswagen Vento 2013,2013,2.02,179965.0,Petrol,Individual,Manual,Second Owner
Mahindra XUV300 2009,2009,1.75,220000.0,Petrol,Individual,Automatic,Fourth & Above Owner
Maruti Wagon R 2022,2022,4.77,38148.0,Petrol,Trustmark Dealer,Manual,First Owner
Honda Jazz 2011,2011,1.87,195159.0,CNG,Individual,Manual,First Owner
Maruti Alto 2014,2014,1.52,140804.0,petrol,Individual,Manual,Third Owner
Volkswagen Taigun 2013,2013,1.95,169456.0,diesel,Individual,Manual,Third Owner
Hyundai Creta 2008,2008,1.43,220000.0,Diesel,Individual,Manual,First Owner
Skoda Octavia 2009,2009,2.11,220000.0,diesel,Trustmark Dealer,Manual,Second Owner
Volkswagen Polo 2008,2008,1.38,220000.0,diesel,Individual,Manual,Second Owner
Ford Figo 2016,2016,3.46,98546.0,cng,Dealer,Automatic,First Owner
Skoda Rapid 2016,2016,4.67,125438.0,PETROL,Dealer,Manual,First Owner
Mahindra XUV500 2015,2015,4.19,115657.0,Diesel,Trustmark Dealer,Manual,First Owner
Honda City 2016,2016,5.08,118308.0,Diesel,Individual,Automatic,First Owner
Honda WR-V 2010,2010,1.67,178358.0,cng,Dealer,Manual,First Owner
Honda City 2015,2015,4.45,104669.0,diesel,Dealer,Manual,First Owner
Honda Jazz 2008,2008,1.57,220000.0,PETROL,Individual,Manual,Second Owner
Volkswagen Polo 2012,2012,1.72,171488.0,CNG,Individual,Manual,Second Owner
Honda Amaze 2018,2018,6.3,68897.0,cng,Individual,Automatic,Second Owner
Volkswagen Vento 2013,2013,2.0,171119.0,petrol,Dealer,Automatic,Fourth & Above Owner
Ford Endeavour 2007,2007,1.25,220000.0,petrol,Individual,Automatic,Third Owner
Renault Kwid 2007,2007,0.6,220000.0,PETROL,Individual,Manual,First Owner
Mahindra Bolero 2020,2020,7.43,41217.0,Diesel,Dealer,Manual,Second Owner
Renault Triber 2020,2020,2.76,51589.0,petrol,Dealer,Manual,Second Owner
Toyota Etios 2011,2011,3.0,159894.0,petrol,Dealer,Manual,Third Owner
Mahindra Bolero 2022,2022,10.65,12763.0,PETROL,Individual,Automatic,First Owner
Volkswagen Vento 2009,2009,1.61,220000.0,Diesel,Individual,Manual,First Owner
Renault Kwid 2022,2022,3.82,27391.0,Petrol,Dealer,Automatic,Fourth & Above Owner
Ford EcoSport 2022,2022,8.78,11768.0,diesel,Dealer,Automatic,First Owner
Renault Triber 2017,2017,2.26,92265.0,petrol,Individual,Manual,First Owner
Ford EcoSport 2010,2010,1.58,194273.0,Petrol,Dealer,Manual,Second Owner
Hyundai Verna 2016,2016,3.84,101865.0,cng,Dealer,Automatic,First Owner
Volkswagen Taigun 2015,2015,2.63,159151.0,PETROL,Trustmark Dealer,Automatic,Second Owner
Hyundai i10 2011,2011,1.57,179061.0,PETROL,Dealer,Automatic,Third Owner
Honda Amaze 2012,2012,2.57,169497.0,diesel,Individual,Manual,Second Owner
Hyundai i20 2018,2018,4.11,73733.0,Diesel,Individual,Manual,Second Owner
Toyota Innova 2012,2012,5.64,160740.0,diesel,Dealer,Automatic,First Owner
Ford EcoSport 2009,2009,1.3,216241.0,diesel,Individual,Manual,Fourth & Above Owner
Renault Kwid 2009,2009,1.0,220000.0,Diesel,Individual,Automatic,First Owner
Toyota Glanza 2009,2009,3.1,220000.0,PETROL,Individual,Manual,Second Owner
Maruti Wagon R 2008,2008,0.65,220000.0,CNG,Individual,Manual,Third Owner
Ford Figo 2014,2014,2.68,141172.0,Petrol,Dealer,Manual,Second Owner
Honda City 2017,2017,5.28,113038.0,Diesel,Individual,Automatic,Second Owner
Toyota Innova 2012,2012,4.33,170949.0,PETROL,Individual,Manual,First Owner
Skoda Octavia 2010,2010,2.41,211017.0,diesel,Dealer,Manual,First Owner
Mahindra Bolero 2013,2013,2.73,166437.0,Petrol,Dealer,Manual,First Owner
Volkswagen Polo 2016,2016,3.23,114148.0,Petrol,Trustmark Dealer,Manual,Second Owner
Maruti Wagon R 2009,2009,1.12,198685.0,Diesel,Individual,Manual,First Owner
Honda Jazz 2008,2008,1.51,207597.0,Diesel,Individual,Manual,Second Owner
Mahindra Scorpio 2012,2012,2.61,170310.0,PETROL,Individual,Manual,First Owner
Renault Duster 2013,2013,1.12,160051.0,diesel,Individual,Manual,Second Owner
Renault Triber 2008,2008,0.62,220000.0,petrol,Individual,Manual,First Owner
Skoda Octavia 2019,2019,6.89,73919.0,CNG,Dealer,Manual,First Owner
Hyundai i10 2017,2017,4.7,89493.0,petrol,Dealer,Automatic,Second Owner
Toyota Innova 2016,2016,8.66,122079.0,Diesel,Trustmark Dealer,Manual,First Owner
Skoda Rapid 2008,2008,2.35,220000.0,diesel,Individual,Automatic,Second Owner
Maruti Alto 2017,2017,2.81,70686.0,Diesel,Trustmark Dealer,Manual,Second Owner
Toyota Innova 2014,2014,6.14,128424.0,petrol,Dealer,Automatic,Fourth & Above Owner
Mahindra XUV300 2016,2016,4.84,112487.0,diesel,Individual,Automatic,Fourth & Above Owner
Ford Endeavour 2016,2016,3.53,123895.0,PETROL,Dealer,Manual,Second Owner
Renault Triber 2013,2013,0.94,170298.0,PETROL,Individual,Manual,First Owner
Renault Duster 2012,2012,1.13,173868.0,diesel,Trustmark Dealer,Manual,First Owner
Volkswagen Vento 2017,2017,5.38,84390.0,diesel,Dealer,Automatic,First Owner
Ford EcoSport 2014,2014,2.09,134162.0,petrol,Individual,Manual,Third Owner
Tata Tiago 2021,2021,4.21,30853.0,PETROL,Individual,Manual,Third Owner
Volkswagen Vento 2022,2022,8.87,31380.0,Petrol,Individual,Automatic,First Owner
Toyota Innova 2009,2009,3.21,215218.0,petrol,Dealer,Manual,First Owner
Renault Kwid 2010,2010,1.13,207395.0,diesel,Individual,Automatic,First Owner
Maruti Alto 2014,2014,2.03,131945.0,diesel,Individual,Automatic,First Owner
Skoda Octavia 2012,2012,3.19,181392.0,cng,Trustmark Dealer,Automatic,First Owner
Ford EcoSport 2007,2007,0.98,220000.0,LPG,Individual,Manual,First Owner
Tata Nexon 2015,2015,2.4,107735.0,Diesel,Individual,Manual,Second Owner
Ford Figo 2019,2019,4.15,83747.0,diesel,Individual,Manual,Second Owner
Mahindra XUV300 2015,2015,3.04,114316.0,LPG,Individual,Manual,First Owner
Skoda Octavia 2018,2018,7.34,91934.0,diesel,Dealer,Manual,First Owner
Mahindra XUV300 2018,2018,5.33,88866.0,Petrol,Individual,Manual,First Owner
Maruti Wagon R 2008,2008,1.1,,,,Automatic,Second Owner
Toyota Fortuner 2012,2012,4.96,181217.0,diesel,Individual,Automatic,First Owner
Hyundai Verna 2021,2021,6.57,35851.0,Petrol,Individual,Manual,First Owner
Ford EcoSport 2020,2020,5.58,56087.0,diesel,Dealer,Manual,Second Owner
Ford Endeavour 2021,2021,7.28,37495.0,PETROL,Individual,Automatic,First Owner
Volkswagen Polo 2012,2012,2.62,163052.0,PETROL,Dealer,Automatic,First Owner
Hyundai Creta 2016,2016,2.28,94591.0,LPG,Individual,Manual,Third Owner
Hyundai i10 2018,2018,3.24,76229.0,LPG,Dealer,Manual,Second Owner
Tata Tiago 2016,2016,2.51,119106.0,Petrol,Individual,Manual,Second Owner
Mahindra Bolero 2015,2015,3.71,119080.0,diesel,Individual,Manual,Second Owner
Toyota Glanza 2021,2021,10.35,49761.0,LPG,Dealer,Manual,Second Owner
Tata Nexon 2010,2010,1.24,220000.0,petrol,Dealer,Manual,Second Owner
Honda Jazz 2015,2015,3.03,142896.0,diesel,Individual,Manual,First Owner
Volkswagen Polo 2017,2017,4.05,104931.0,PETROL,Dealer,Manual,First Owner
Maruti Baleno 2007,2007,0.84,220000.0,diesel,Individual,Manual,Second Owner
Ford EcoSport 2012,2012,1.55,169027.0,diesel,Individual,Manual,Third Owner
Mahindra XUV500 2019,2019,7.22,59038.0,Petrol,Individual,Manual,Second Owner
Honda Amaze 2009,2009,1.58,220000.0,diesel,Individual,Manual,Second Owner
Volkswagen Taigun 2020,2020,6.18,32884.0,Petrol,Dealer,Manual,Second Owner
Renault Triber 2018,2018,2.31,82894.0,petrol,Dealer,Manual,First Owner
Renault Triber 2009,2009,0.8,217880.0,PETROL,Trustmark Dealer,Manual,Second Owner
Volkswagen Vento 2019,2019,4.55,59049.0,PETROL,Trustmark Dealer,Manual,Second Owner
Mahindra XUV500 2022,2022,9.32,22055.0,Diesel,Dealer,Manual,Second Owner
Ford Endeavour 2011,2011,1.82,203237.0,diesel,Individual,Manual,First Owner
Skoda Kushaq 2009,2009,2.03,220000.0,Petrol,Dealer,Manual,Second Owner
Volkswagen Vento 2013,2013,2.67,176509.0,petrol,Trustmark Dealer,Automatic,First Owner
Volkswagen Vento 2014,2014,2.18,158487.0,Petrol,Dealer,Manual,First Owner
Toyota Etios 2017,2017,8.85,107493.0,petrol,Dealer,Manual,First Owner
Toyota Etios 2015,2015,6.43,136688.0,PETROL,Individual,Manual,First Owner
Hyundai i10 2011,2011,1.27,195509.0,petrol,Dealer,Manual,Third Owner
Volkswagen Polo 2013,2013,1.8,151166.0,petrol,Individual,Manual,Third Owner
Maruti Wagon R 2018,2018,3.14,81606.0,diesel,Dealer,Manual,Second Owner
Toyota Etios 2009,2009,3.9,220000.0,diesel,Dealer,Automatic,First Owner
Renault Kwid 2021,2021,3.43,53468.0,Petrol,Individual,Manual,First Owner
Honda WR-V 2018,2018,5.52,77560.0,Petrol,Dealer,Manual,First Owner
Hyundai Creta 2022,2022,7.91,26465.0,Diesel,Individual,Manual,First Owner
Volkswagen Taigun 2020,2020,7.83,32607.0,Diesel,Individual,Automatic,First Owner
Tata Tiago 2010,2010,1.01,218859.0,cng,Individual,Manual,Second Owner
Hyundai Creta 2018,2018,4.24,82581.0,Petrol,Individual,Manual,First Owner
Ford EcoSport 2009,2009,1.52,220000.0,petrol,Individual,Automatic,First Owner
Maruti Dzire 2015,2015,2.26,109298.0,PETROL,Individual,Manual,First Owner
Hyundai i10 2016,2016,3.44,107349.0,diesel,Individual,Manual,First Owner
Tata Altroz 2018,2018,3.65,64068.0,diesel,Individual,Manual,First Owner
Tata Nexon 2017,2017,3.03,84805.0,diesel,Individual,Manual,First Owner
Ford Endeavour 2020,2020,6.02,51224.0,diesel,Individual,Manual,First Owner
Renault Triber 2008,2008,0.74,220000.0,petrol,Individual,Manual,First Owner
Skoda Rapid 2011,2011,2.15,195791.0,PETROL,Dealer,Manual,Second Owner
Renault Duster 2021,2021,2.51,43383.0,CNG,Individual,Manual,Third Owner
Toyota Etios 2019,2019,10.02,74481.0,Diesel,Trustmark Dealer,Manual,First Owner
Maruti Baleno 2007,2007,0.87,220000.0,petrol,Dealer,Automatic,First Owner
Hyundai i20 2009,2009,1.64,220000.0,diesel,Dealer,Manual,First Owner
Honda WR-V 2007,2007,1.61,220000.0,petrol,Individual,Automatic,Second Owner
Hyundai Creta 2022,2022,8.87,914.0,PETROL,Individual,Automatic,First Owner
Maruti Alto 2007,2007,0.77,220000.0,PETROL,Dealer,Manual,Second Owner
Maruti Wagon R 2013,2013,1.57,153764.0,Diesel,Individual,Manual,Second Owner
Volkswagen Vento 2017,2017,4.35,81063.0,diesel,Dealer,Manual,Second Owner
Renault Triber 2016,2016,2.32,110948.0,petrol,Individual,Automatic,First Owner
Ford Endeavour 2012,2012,2.08,171602.0,PETROL,Dealer,Automatic,Second Owner
Mahindra Bolero 2019,2019,6.16,65590.0,diesel,Dealer,Manual,Second Owner
Hyundai i10 2014,2014,2.49,134545.0,petrol,Individual,Manual,Second Owner
Mahindra Scorpio 2007,2007,1.16,220000.0,CNG,Individual,Manual,Third Owner
Volkswagen Taigun 2007,2007,1.62,220000.0,PETROL,Individual,Automatic,First Owner
Volkswagen Vento 2009,2009,1.46,206558.0,Petrol,Dealer,Manual,Second Owner
Skoda Kushaq 2016,2016,4.88,130423.0,Petrol,Dealer,Automatic,Second Owner
Toyota Etios 2013,2013,5.43,142418.0,Diesel,Dealer,Manual,Second Owner
Toyota Glanza 2009,2009,3.15,218903.0,diesel,Dealer,Manual,First Owner
Hyundai Creta 2011,2011,1.77,195274.0,diesel,Dealer,Manual,First Owner
Renault Triber 2015,2015,1.97,130330.0,PETROL,Individual,Automatic,Second Owner
Honda City 2017,2017,4.26,,,,Manual,First Owner
Skoda Rapid 2019,2019,7.35,56871.0,CNG,Dealer,Manual,First Owner
Renault Duster 2014,2014,1.45,125255.0,Petrol,Individual,Manual,Second Owner
Honda WR-V 2019,2019,6.24,81314.0,CNG,Dealer,Automatic,First Owner
Honda Amaze 2015,2015,3.96,143277.0,Diesel,Dealer,Automatic,Second Owner
Honda Jazz 2013,2013,2.77,152237.0,PETROL,Dealer,Manual,First Owner
Volkswagen Taigun 2010,2010,1.7,191762.0,Petrol,Dealer,Manual,First Owner
Toyota Innova 2011,2011,3.92,202708.0,Diesel,Trustmark Dealer,Automatic,Third Owner
Honda WR-V 2014,2014,3.44,146129.0,diesel,Dealer,Automatic,Second Owner
Ford EcoSport 2007,2007,1.21,220000.0,PETROL,Dealer,Automatic,Second Owner
Toyota Innova 2016,2016,6.33,116998.0,PETROL,Dealer,Manual,Third Owner
Tata Harrier 2009,2009,1.05,220000.0,petrol,Dealer,Manual,First Owner
Volkswagen Vento 2012,2012,2.7,167993.0,diesel,Individual,Automatic,First Owner
Honda City 2019,2019,8.68,45216.0,diesel,Individual,Automatic,First Owner
Mahindra XUV300 2010,2010,2.22,187439.0,diesel,Individual,Manual,First Owner
Toyota Etios 2018,2018,8.72,71849.0,LPG,Trustmark Dealer,Manual,First Owner
Tata Nexon 2014,2014,1.62,155188.0,petrol,Individual,Manual,Second Owner
Maruti Baleno 2020,2020,4.14,66650.0,Diesel,Individual,Manual,Second Owner
Maruti Swift 2011,2011,0.94,196421.0,PETROL,Dealer,Manual,Third Owner
Maruti Dzire 2022,2022,3.95,13259.0,CNG,Individual,Manual,Third Owner
Hyundai i10 2021,2021,4.88,66380.0,LPG,Dealer,Manual,First Owner
Tata Altroz 2014,2014,1.93,132510.0,diesel,Dealer,Manual,Second Owner
Toyota Fortuner 2019,2019,8.67,62605.0,LPG,Individual,Manual,Second Owner
Maruti Alto 2022,2022,3.85,18198.0,petrol,Individual,Manual,Third Owner
Tata Altroz 2015,2015,2.2,133985.0,Petrol,Dealer,Manual,Second Owner
Volkswagen Taigun 2018,2018,3.64,77842.0,LPG,Dealer,Manual,First Owner
Toyota Etios 2021,2021,13.69,50049.0,petrol,Dealer,Manual,Second Owner
Renault Triber 2008,2008,0.77,,,,Manual,First Owner
Tata Nexon 2017,2017,2.99,99748.0,PETROL,Trustmark Dealer,Automatic,Third Owner
Ford Endeavour 2009,2009,1.49,220000.0,petrol,Individual,Automatic,Second Owner
Mahindra XUV500 2018,2018,7.13,101354.0,diesel,Individual,Automatic,First Owner
Honda WR-V 2011,2011,2.09,179712.0,Petrol,Dealer,Manual,First Owner
Ford EcoSport 2015,2015,2.75,151406.0,Diesel,Individual,Manual,First Owner
Volkswagen Taigun 2014,2014,2.5,150918.0,PETROL,Trustmark Dealer,Manual,Second Owner
Tata Harrier 2008,2008,0.89,210719.0,Petrol,Individual,Manual,First Owner
Volkswagen Taigun 2013,2013,2.89,154916.0,diesel,Dealer,Automatic,First Owner
Tata Tiago 2009,2009,1.42,208681.0,diesel,Individual,Automatic,First Owner
Tata Harrier 2020,2020,4.4,44546.0,petrol,Dealer,Manual,First Owner
Renault Duster 2012,2012,1.08,162216.0,petrol,Dealer,Manual,First Owner
Renault Triber 2007,2007,0.6,220000.0,petrol,Dealer,Manual,Third Owner
Toyota Innova 2019,2019,9.93,71301.0,Petrol,Individual,Manual,Second Owner
Tata Altroz 2016,2016,2.67,110305.0,diesel,Individual,Manual,First Owner
Hyundai Venue 2008,2008,1.23,216607.0,Petrol,Individual,Manual,Fourth & Above Owner
Mahindra Scorpio 2009,2009,2.09,212831.0,petrol,Trustmark Dealer,Manual,First Owner
Skoda Kushaq 2015,2015,4.63,110873.0,PETROL,Individual,Manual,Second Owner
Renault Kwid 2007,2007,0.6,220000.0,PETROL,Individual,Manual,Second Owner
Hyundai Venue 2021,2021,6.02,36038.0,diesel,Individual,Manual,First Owner
Renault Kwid 2018,2018,2.95,96103.0,Petrol,Individual,Automatic,First Owner
Honda WR-V 2015,2015,3.46,124969.0,PETROL,Individual,Manual,Second Owner
Hyundai i20 2020,2020,4.83,56675.0,cng,Individual,Manual,First Owner
Renault Triber 2007,2007,0.73,220000.0,Diesel,Individual,Manual,First Owner
Ford Endeavour 2010,2010,1.41,216543.0,petrol,Dealer,Manual,Second Owner
Maruti Dzire 2013,2013,2.1,139031.0,Diesel,Dealer,Automatic,First Owner
Volkswagen Vento 2017,2017,3.53,113025.0,PETROL,Trustmark Dealer,Manual,Fourth & Above Owner
Toyota Innova 2021,2021,13.63,33587.0,petrol,Dealer,Manual,First Owner
Toyota Innova 2015,2015,6.98,111326.0,PETROL,Dealer,Manual,First Owner
Maruti Alto 2022,2022,5.43,12479.0,diesel,Dealer,Manual,First Owner
Volkswagen Polo 2013,2013,2.18,168493.0,PETROL,Trustmark Dealer,Manual,Second Owner
Renault Kwid 2014,2014,1.13,134758.0,Petrol,Individual,Manual,Second Owner
Maruti Wagon R 2012,2012,1.23,180492.0,petrol,Dealer,Manual,First Owner
Maruti Baleno 2020,2020,2.85,59316.0,Petrol,Dealer,Manual,Third Owner
Honda Jazz 2008,2008,1.56,220000.0,cng,Individual,Automatic,Fourth & Above Owner
Toyota Innova 2012,2012,3.76,,,,Manual,First Owner
Mahindra XUV500 2014,2014,3.11,142122.0,petrol,Individual,Manual,First Owner
Tata Altroz 2009,2009,1.38,220000.0,PETROL,Individual,Automatic,First Owner
Renault Triber 2013,2013,1.01,167404.0,diesel,Dealer,Manual,Third Owner
Maruti Alto 2019,2019,3.65,66168.0,PETROL,Trustmark Dealer,Manual,First Owner
Ford EcoSport 2014,2014,2.03,158591.0,PETROL,Dealer,Manual,Third Owner
Mahindra Scorpio 2021,2021,7.46,23085.0,petrol,Individual,Manual,Third Owner
Renault Triber 2022,2022,4.89,22073.0,petrol,Individual,Automatic,Second Owner
Skoda Octavia 2015,2015,4.35,105572.0,petrol,Individual,Manual,Second Owner
Ford EcoSport 2010,2010,1.37,207275.0,CNG,Individual,Manual,First Owner
Maruti Baleno 2021,2021,4.0,57844.0,LPG,Individual,Automatic,Second Owner
Hyundai Creta 2022,2022,5.75,14731.0,petrol,Individual,Manual,Third Owner
Skoda Kushaq 2019,2019,9.68,62759.0,Diesel,Individual,Automatic,First Owner
Maruti Swift 2009,2009,1.1,220000.0,Petrol,Individual,Manual,First Owner
Ford Figo 2011,2011,1.73,159080.0,Diesel,Individual,Manual,Fourth & Above Owner
Mahindra Bolero 2008,2008,2.01,220000.0,petrol,Trustmark Dealer,Automatic,First Owner
Tata Tiago 2008,2008,0.86,213989.0,LPG,Dealer,Manual,Second Owner
Toyota Etios 2019,2019,10.12,71879.0,PETROL,Individual,Manual,First Owner
Volkswagen Polo 2022,2022,7.16,46623.0,Petrol,Individual,Manual,First Owner
Renault Triber 2007,2007,0.61,219151.0,petrol,Individual,Manual,First Owner
Volkswagen Taigun 2011,2011,1.94,199976.0,PETROL,Dealer,Automatic,First Owner
Toyota Innova 2009,2009,2.81,202693.0,petrol,Individual,Manual,Second Owner
Tata Altroz 2007,2007,1.02,220000.0,diesel,Dealer,Manual,First Owner
Skoda Rapid 2012,2012,2.37,173260.0,PETROL,Individual,Manual,Third Owner
Volkswagen Taigun 2019,2019,5.71,38612.0,Diesel,Individual,Manual,First Owner
Skoda Rapid 2018,2018,7.07,61134.0,diesel,Individual,Manual,First Owner
Renault Triber 2022,2022,3.1,19922.0,cng,Trustmark Dealer,Manual,Second Owner
Skoda Rapid 2010,2010,2.09,194522.0,Diesel,Dealer,Manual,Third Owner
Ford Endeavour 2018,2018,3.8,82997.0,Diesel,Individual,Manual,Fourth & Above Owner
Ford Figo 2019,2019,4.29,47793.0,LPG,Individual,Manual,Second Owner
Volkswagen Polo 2009,2009,1.77,,,,Manual,Second Owner
Maruti Swift 2013,2013,1.24,167591.0,PETROL,Individual,Manual,First Owner
Hyundai Creta 2008,2008,1.43,220000.0,Diesel,Individual,Manual,First Owner
Skoda Octavia 2020,2020,8.48,54019.0,Diesel,Dealer,Manual,Second Owner
Tata Tiago 2018,2018,2.87,97802.0,PETROL,Trustmark Dealer,Manual,Fourth & Above Owner
Honda Jazz 2008,2008,1.76,220000.0,Petrol,Dealer,Automatic,First Owner
Toyota Etios 2020,2020,13.6,53513.0,PETROL,Individual,Manual,First Owner
Skoda Octavia 2008,2008,2.01,220000.0,Diesel,Dealer,Manual,First Owner
Mahindra XUV300 2009,2009,1.8,220000.0,Diesel,Dealer,Manual,Third Owner
Mahindra Scorpio 2022,2022,11.06,500.0,PETROL,Individual,Automatic,First Owner
Tata Nexon 2016,2016,2.64,112260.0,petrol,Dealer,Manual,First Owner
Honda Amaze 2017,2017,5.09,101715.0,Diesel,Dealer,Manual,Second Owner
Skoda Rapid 2016,2016,6.54,95516.0,petrol,Trustmark Dealer,Automatic,First Owner
Maruti Dzire 2016,2016,2.38,101711.0,petrol,Individual,Manual,First Owner
Mahindra Scorpio 2020,2020,8.2,29890.0,petrol,Individual,Automatic,First Owner
Volkswagen Taigun 2015,2015,2.68,132533.0,Petrol,Individual,Manual,First Owner
Volkswagen Taigun 2015,2015,2.76,125946.0,petrol,Trustmark Dealer,Manual,First Owner
Tata Nexon 2022,2022,4.48,42935.0,Petrol,Dealer,Manual,Third Owner
Maruti Dzire 2019,2019,3.26,70781.0,diesel,Dealer,Manual,First Owner
Tata Nexon 2018,2018,3.7,79484.0,Diesel,Individual,Manual,Second Owner
Volkswagen Vento 2017,2017,3.8,99735.0,PETROL,Dealer,Manual,First Owner
Ford EcoSport 2015,2015,2.65,127130.0,petrol,Individual,Manual,First Owner
Volkswagen Polo 2010,2010,1.93,219063.0,diesel,Dealer,Automatic,Second Owner
Ford Figo 2013,2013,2.11,163102.0,diesel,Dealer,Manual,First Owner
Mahindra XUV300 2011,2011,2.23,204321.0,Petrol,Trustmark Dealer,Manual,Second Owner
Tata Harrier 2022,2022,5.72,25159.0,Petrol,Individual,Manual,First Owner
Toyota Glanza 2018,2018,9.24,81083.0,Petrol,Dealer,Manual,Second Owner
Hyundai Verna 2017,2017,4.23,101398.0,diesel,Dealer,Automatic,Second Owner
Ford Endeavour 2018,2018,4.33,86927.0,Petrol,Individual,Manual,Second Owner
Ford EcoSport 2015,2015,2.36,138977.0,LPG,Individual,Manual,First Owner
Mahindra Bolero 2018,2018,5.56,82942.0,petrol,Individual,Manual,First Owner
Mahindra XUV500 2008,2008,1.41,220000.0,Petrol,Individual,Manual,Second Owner
Toyota Fortuner 2012,2012,4.96,181217.0,diesel,Individual,Automatic,First Owner
Mahindra Scorpio 2020,2020,8.03,48260.0,diesel,Individual,Automatic,Third Owner
Skoda Kushaq 2020,2020,8.64,46567.0,Diesel,Individual,Manual,Second Owner
Tata Nexon 2008,2008,0.74,220000.0,CNG,Individual,Manual,Third Owner
Toyota Innova 2014,2014,5.88,135268.0,Diesel,Dealer,Manual,First Owner
Tata Tiago 2019,2019,3.47,63933.0,petrol,Individual,Automatic,Third Owner
Ford Endeavour 2021,2021,5.52,46930.0,Petrol,Individual,Manual,Third Owner
Skoda Kushaq 2017,2017,6.61,88926.0,PETROL,Individual,Manual,First Owner
Ford Figo 2008,2008,1.46,220000.0,diesel,Dealer,Manual,Second Owner
Hyundai i10 2015,2015,2.77,106085.0,PETROL,Dealer,Manual,First Owner
Hyundai Verna 2010,2010,1.49,185318.0,Diesel,Individual,Manual,First Owner
Maruti Baleno 2018,2018,3.25,92994.0,diesel,Dealer,Manual,Second Owner
Skoda Octavia 2015,2015,4.62,131263.0,diesel,Trustmark Dealer,Manual,First Owner
Skoda Kushaq 2022,2022,12.79,31240.0,Petrol,Individual,Automatic,First Owner
Renault Duster 2018,2018,2.39,85483.0,diesel,Dealer,Manual,First Owner
Toyota Glanza 2018,2018,9.66,86731.0,Petrol,Individual,Manual,First Owner
Toyota Fortuner 2007,2007,3.8,220000.0,diesel,Individual,Automatic,First Owner
Mahindra Scorpio 2009,2009,1.33,191835.0,cng,Individual,Manual,Third Owner
Tata Tiago 2020,2020,4.88,,,,Automatic,First Owner
Renault Duster 2019,2019,3.45,63415.0,Petrol,Individual,Automatic,First Owner
Ford Endeavour 2007,2007,1.26,220000.0,petrol,Dealer,Manual,Second Owner
Ford EcoSport 2020,2020,5.51,43379.0,Petrol,Individual,Manual,Second Owner
Honda WR-V 2011,2011,2.09,169579.0,Diesel,Individual,Manual,Third Owner
Honda WR-V 2011,2011,1.98,184832.0,PETROL,Individual,Manual,Second Owner
Renault Triber 2013,2013,0.94,154097.0,CNG,Dealer,Manual,First Owner
Honda City 2014,2014,3.25,138258.0,petrol,Dealer,Manual,Fourth & Above Owner
Honda WR-V 2007,2007,1.37,220000.0,petrol,Individual,Manual,First Owner
Ford Figo 2013,2013,1.44,160794.0,CNG,Dealer,Manual,Third Owner
Skoda Rapid 2007,2007,1.99,220000.0,diesel,Individual,Manual,First Owner
Skoda Kushaq 2020,2020,8.67,57957.0,petrol,Dealer,Manual,First Owner
Mahindra XUV300 2007,2007,2.0,220000.0,Diesel,Dealer,Automatic,First Owner
Tata Altroz 2011,2011,1.19,166461.0,CNG,Individual,Manual,Second Owner
Renault Kwid 2020,2020,3.31,37549.0,Diesel,Dealer,Manual,Second Owner
Maruti Baleno 2008,2008,0.84,220000.0,CNG,Individual,Manual,First Owner
Renault Kwid 2018,2018,2.43,84107.0,diesel,Dealer,Manual,First Owner
Skoda Rapid 2016,2016,4.52,112803.0,PETROL,Trustmark Dealer,Manual,Second Owner
Honda WR-V 2007,2007,1.46,219296.0,Diesel,Dealer,Manual,Second Owner
Skoda Octavia 2017,2017,5.05,103765.0,CNG,Individual,Manual,First Owner
Maruti Wagon R 2020,2020,4.09,34723.0,petrol,Dealer,Manual,First Owner
Skoda Kushaq 2008,2008,2.49,220000.0,Petrol,Dealer,Automatic,First Owner
Honda City 2013,2013,2.71,129607.0,CNG,Dealer,Manual,First Owner
Maruti Wagon R 2012,2012,1.15,163843.0,petrol,Individual,Manual,Fourth & Above Owner
Hyundai i20 2022,2022,6.31,14180.0,Petrol,Dealer,Manual,First Owner
Renault Kwid 2016,2016,1.97,111959.0,PETROL,Individual,Automatic,Second Owner
Toyota Etios 2011,2011,3.7,182095.0,diesel,Individual,Manual,Second Owner
Honda City 2019,2019,6.65,84687.0,petrol,Trustmark Dealer,Automatic,Second Owner
Tata Harrier 2018,2018,3.56,91773.0,petrol,Individual,Manual,First Owner
Mahindra XUV500 2010,2010,2.02,199660.0,PETROL,Dealer,Manual,Second Owner
Ford Figo 2021,2021,6.04,46144.0,LPG,Dealer,Automatic,First Owner
Skoda Kushaq 2007,2007,1.7,220000.0,Petrol,Individual,Manual,First Owner
Volkswagen Vento 2007,2007,1.55,220000.0,PETROL,Individual,Automatic,First Owner
Volkswagen Polo 2022,2022,7.76,7993.0,Diesel,Individual,Manual,Third Owner
Renault Triber 2011,2011,1.01,191411.0,Diesel,Individual,Manual,First Owner
Tata Nexon 2013,2013,1.57,164916.0,diesel,Dealer,Manual,Fourth & Above Owner
Mahindra Scorpio 2016,2016,5.65,115069.0,PETROL,Individual,Automatic,First Owner
Ford EcoSport 2009,2009,1.33,220000.0,cng,Dealer,Automatic,First Owner
Honda WR-V 2014,2014,3.44,146129.0,diesel,Dealer,Automatic,Second Owner
Skoda Kushaq 2014,2014,3.86,150633.0,diesel,Dealer,Manual,First Owner
Mahindra Scorpio 2014,2014,3.22,129058.0,petrol,Dealer,Manual,First Owner
Volkswagen Vento 2020,2020,5.07,69681.0,petrol,Individual,Manual,Second Owner
Honda Amaze 2009,2009,1.36,216374.0,petrol,Trustmark Dealer,Manual,Third Owner
Hyundai i20 2020,2020,4.83,56675.0,cng,Individual,Manual,First Owner
Skoda Rapid 2018,2018,5.13,92302.0,CNG,Dealer,Manual,Second Owner
Honda WR-V 2011,2011,2.52,188138.0,Petrol,Individual,Automatic,First Owner
Volkswagen Vento 2013,2013,1.99,146630.0,PETROL,Trustmark Dealer,Manual,Third Owner
Volkswagen Vento 2007,2007,1.2,220000.0,cng,Individual,Manual,Second Owner
Mahindra XUV300 2015,2015,4.34,158591.0,petrol,Individual,Automatic,First Owner
Toyota Fortuner 2020,2020,12.62,58915.0,Diesel,Individual,Manual,First Owner
Skoda Rapid 2014,2014,4.7,122807.0,Petrol,Individual,Automatic,First Owner
Maruti Baleno 2007,2007,0.81,220000.0,PETROL,Individual,Manual,First Owner
Mahindra XUV300 2010,2010,2.61,197651.0,petrol,Individual,Automatic,Second Owner
Ford Figo 2008,2008,1.22,220000.0,PETROL,Individual,Manual,First Owner
Ford EcoSport 2012,2012,1.8,184862.0,petrol,Individual,Manual,Second Owner
Honda City 2013,2013,2.23,164732.0,CNG,Individual,Manual,First Owner
Toyota Etios 2019,2019,11.02,60337.0,petrol,Individual,Manual,First Owner
Mahindra Scorpio 2020,2020,9.63,50542.0,diesel,Individual,Automatic,First Owner
Toyota Fortuner 2019,2019,10.22,53586.0,LPG,Dealer,Manual,First Owner
Maruti Baleno 2007,2007,0.97,220000.0,Diesel,Individual,Manual,First Owner
Volkswagen Taigun 2010,2010,1.31,195847.0,cng,Dealer,Automatic,Fourth & Above Owner
Ford Endeavour 2007,2007,1.25,220000.0,petrol,Individual,Automatic,Third Owner
Honda Jazz 2020,2020,5.97,50276.0,cng,Individual,Manual,First Owner
Toyota Innova 2021,2021,14.26,38317.0,petrol,Trustmark Dealer,Manual,Second Owner
Maruti Swift 2015,2015,1.92,125846.0,petrol,Dealer,Manual,First Owner
Skoda Kushaq 2008,2008,2.5,220000.0,Petrol,Dealer,Automatic,Second Owner
Tata Nexon 2017,2017,3.07,89952.0,Diesel,Individual,Manual,First Owner
Hyundai Creta 2015,2015,3.53,118857.0,PETROL,Dealer,Automatic,First Owner
Renault Kwid 2018,2018,2.12,101306.0,Petrol,Dealer,Automatic,Fourth & Above Owner
Volkswagen Vento 2016,2016,3.65,128544.0,Diesel,Individual,Manual,First Owner
Tata Tiago 2016,2016,2.72,93056.0,PETROL,Dealer,Manual,First Owner
Mahindra XUV500 2014,2014,2.88,140950.0,LPG,Dealer,Manual,First Owner
Ford EcoSport 2014,2014,2.82,139036.0,Diesel,Individual,Manual,First Owner
Toyota Etios 2014,2014,4.21,168289.0,PETROL,Individual,Manual,Third Owner
Ford Figo 2016,2016,4.35,123182.0,petrol,Individual,Automatic,First Owner
Tata Altroz 2020,2020,4.49,67475.0,PETROL,Trustmark Dealer,Manual,First Owner
Renault Triber 2016,2016,1.69,110130.0,diesel,Individual,Manual,Third Owner
Maruti Dzire 2016,2016,2.53,113959.0,PETROL,Individual,Automatic,First Owner
Mahindra XUV500 2015,2015,3.84,107623.0,Diesel,Individual,Manual,First Owner
Renault Triber 2017,2017,2.04,103436.0,PETROL,Individual,Manual,Second Owner
Hyundai i10 2019,2019,3.7,82207.0,Petrol,Individual,Manual,Third Owner
Ford Endeavour 2010,2010,1.73,220000.0,Diesel,Individual,Manual,First Owner
Renault Duster 2017,2017,2.03,90266.0,petrol,Dealer,Manual,First Owner
Toyota Etios 2014,2014,4.98,131470.0,CNG,Trustmark Dealer,Manual,First Owner
Toyota Innova 2014,2014,5.06,145684.0,CNG,Individual,Manual,First Owner
Honda WR-V 2017,2017,4.69,104441.0,petrol,Dealer,Automatic,First Owner
Honda City 2016,2016,4.19,108009.0,Diesel,Dealer,Manual,Second Owner
Maruti Baleno 2009,2009,1.0,220000.0,Petrol,Individual,Manual,First Owner
Maruti Wagon R 2018,2018,2.7,82333.0,PETROL,Dealer,Automatic,Fourth & Above Owner
Ford Endeavour 2010,2010,1.83,200029.0,diesel,Dealer,Manual,First Owner
Maruti Alto 2012,2012,1.3,174794.0,PETROL,Dealer,Manual,First Owner
Maruti Dzire 2009,2009,0.98,217091.0,diesel,Individual,Manual,First Owner
Toyota Etios 2011,2011,3.23,193563.0,LPG,Individual,Automatic,First Owner
Ford Figo 2012,2012,2.04,181167.0,petrol,Dealer,Manual,First Owner
Honda Amaze 2021,2021,7.79,57356.0,petrol,Dealer,Manual,First Owner
Skoda Octavia 2013,2013,3.09,156831.0,diesel,Individual,Manual,Second Owner
Toyota Fortuner 2016,2016,8.34,96042.0,petrol,Dealer,Manual,First Owner
Hyundai i20 2013,2013,2.12,161120.0,PETROL,Individual,Manual,Second Owner
Skoda Octavia 2013,2013,3.36,132959.0,Petrol,Dealer,Manual,Second Owner
Skoda Octavia 2017,2017,5.73,102243.0,PETROL,Dealer,Manual,First Owner
Tata Harrier 2010,2010,1.1,216841.0,PETROL,Trustmark Dealer,Manual,Fourth & Above Owner
Toyota Fortuner 2008,2008,2.53,220000.0,petrol,Individual,Manual,First Owner
Skoda Rapid 2022,2022,8.37,34667.0,Petrol,Individual,Manual,Third Owner
Maruti Swift 2022,2022,4.7,30974.0,Petrol,Individual,Manual,First Owner
Maruti Dzire 2009,2009,0.79,201841.0,Petrol,Dealer,Manual,Third Owner
Toyota Glanza 2019,2019,13.11,65732.0,petrol,Individual,Automatic,Second Owner
Skoda Rapid 2019,2019,7.46,82828.0,Petrol,Trustmark Dealer,Automatic,First Owner
Renault Kwid 2015,2015,1.28,143965.0,petrol,Dealer,Manual,First Owner
Toyota Fortuner 2020,2020,10.14,64842.0,petrol,Individual,Manual,Second Owner
Renault Triber 2012,2012,0.88,198659.0,diesel,Individual,Manual,Fourth & Above Owner
Tata Nexon 2015,2015,2.11,136902.0,petrol,Dealer,Manual,Second Owner
Volkswagen Polo 2014,2014,2.45,162808.0,petrol,Trustmark Dealer,Manual,First Owner
Tata Harrier 2010,2010,1.07,212665.0,petrol,Individual,Manual,Second Owner
Hyundai Creta 2008,2008,1.73,220000.0,Diesel,Individual,Automatic,First Owner
Mahindra Bolero 2014,2014,4.53,146522.0,PETROL,Dealer,Automatic,First Owner
Renault Duster 2017,2017,1.61,105108.0,petrol,Individual,Manual,First Owner
Volkswagen Vento 2008,2008,1.29,220000.0,Petrol,Individual,Manual,First Owner
Skoda Octavia 2011,2011,2.11,184991.0,PETROL,Dealer,Manual,Third Owner
Ford Endeavour 2018,2018,4.07,92080.0,PETROL,Individual,Manual,First Owner
Skoda Rapid 2010,2010,2.37,192964.0,petrol,Trustmark Dealer,Manual,First Owner
Skoda Octavia 2016,2016,5.09,114801.0,PETROL,Trustmark Dealer,Manual,First Owner
Skoda Rapid 2007,2007,1.74,220000.0,Diesel,Dealer,Manual,First Owner
Maruti Baleno 2007,2007,0.73,220000.0,CNG,Individual,Manual,Second Owner
Hyundai Creta 2007,2007,1.14,220000.0,PETROL,Trustmark Dealer,Manual,First Owner
Ford Figo 2009,2009,1.33,220000.0,petrol,Individual,Manual,Second Owner
Tata Nexon 2007,2007,1.05,220000.0,Diesel,Individual,Manual,Second Owner
Volkswagen Polo 2010,2010,1.66,209161.0,diesel,Dealer,Manual,First Owner
Honda WR-V 2015,2015,4.3,102614.0,Diesel,Dealer,Manual,First Owner
Skoda Rapid 2011,2011,2.15,195791.0,PETROL,Dealer,Manual,Second Owner
Maruti Wagon R 2015,2015,2.04,123988.0,PETROL,Dealer,Manual,Second Owner
Renault Kwid 2013,2013,0.91,159791.0,Petrol,Dealer,Manual,Third Owner
Skoda Octavia 2016,2016,4.9,123690.0,Petrol,Dealer,Manual,First Owner
Ford Figo 2013,2013,2.2,154766.0,Petrol,Individual,Manual,First Owner
Volkswagen Polo 2016,2016,3.5,123889.0,Petrol,Individual,Manual,First Owner
Mahindra XUV300 2011,2011,1.95,193276.0,CNG,Individual,Manual,Second Owner
Tata Nexon 2007,2007,0.86,220000.0,petrol,Individual,Manual,First Owner
Skoda Kushaq 2013,2013,2.96,149265.0,diesel,Individual,Manual,Third Owner
Hyundai i20 2012,2012,1.86,171780.0,Petrol,Trustmark Dealer,Manual,First Owner
Skoda Kushaq 2015,2015,4.69,117934.0,diesel,Trustmark Dealer,Manual,First Owner
Maruti Baleno 2017,2017,2.72,94719.0,Diesel,Individual,Manual,First Owner
Toyota Innova 2017,2017,9.43,75180.0,diesel,Dealer,Manual,First Owner
Maruti Wagon R 2017,2017,2.33,123154.0,PETROL,Dealer,Manual,First Owner
Ford Figo 2015,2015,3.13,119079.0,diesel,Dealer,Manual,First Owner
Renault Triber 2012,2012,1.12,172046.0,Diesel,Individual,Manual,First Owner
Ford Figo 2012,2012,2.04,164482.0,petrol,Dealer,Manual,First Owner
Maruti Dzire 2018,2018,2.72,86393.0,Petrol,Dealer,Manual,Second Owner
Hyundai i20 2014,2014,2.61,134887.0,Diesel,Individual,Manual,First Owner
Hyundai i10 2008,2008,1.0,219088.0,CNG,Dealer,Manual,First Owner
Volkswagen Vento 2012,2012,2.32,167030.0,Diesel,Dealer,Automatic,Second Owner
Mahindra Bolero 2012,2012,2.5,187662.0,Petrol,Individual,Manual,First Owner
Mahindra XUV500 2014,2014,3.11,150996.0,diesel,Dealer,Manual,First Owner
Ford Endeavour 2014,2014,3.21,128872.0,Diesel,Dealer,Manual,First Owner
Hyundai Venue 2018,2018,4.49,87562.0,Diesel,Individual,Manual,Second Owner
Tata Nexon 2014,2014,1.93,139368.0,cng,Individual,Manual,First Owner
Mahindra Scorpio 2022,2022,10.45,8343.0,CNG,Dealer,Automatic,First Owner
Skoda Kushaq 2017,2017,5.43,94906.0,Petrol,Dealer,Manual,First Owner
Volkswagen Vento 2014,2014,2.64,159611.0,petrol,Individual,Automatic,Second Owner
Honda Jazz 2021,2021,6.72,45468.0,petrol,Individual,Automatic,Fourth & Above Owner
Renault Kwid 2021,2021,3.43,53468.0,Petrol,Individual,Manual,First Owner
Ford Endeavour 2019,2019,5.33,66723.0,Petrol,Individual,Manual,Second Owner
Hyundai Creta 2009,2009,1.36,220000.0,Diesel,Dealer,Manual,Second Owner
Hyundai Creta 2012,2012,1.73,199778.0,PETROL,Trustmark Dealer,Manual,First Owner
Hyundai Verna 2007,2007,1.27,220000.0,Diesel,Individual,Manual,First Owner
Toyota Glanza 2008,2008,2.52,209203.0,Petrol,Trustmark Dealer,Manual,Second Owner
