Region,Date,Frequency,Estimated Unemployment Rate (%),Estimated Employed,Estimated Labour Participation Rate (%),Area
Andhra Pradesh, 01-01-2019,Monthly,5.02,10094618,44.3,Rural
Andhra Pradesh, 01-02-2019,Monthly,5.52,10227710,44.25,Rural
Andhra Pradesh, 01-03-2019,Monthly,4.33,10209930,44.4,Rural
Andhra Pradesh, 01-04-2019,Monthly,4.94,10157772,45.78,Rural
Andhra Pradesh, 01-05-2019,Monthly,4.19,10476197,49.37,Rural
Andhra Pradesh, 01-06-2019,Monthly,5.66,10203625,46.52,Rural
Andhra Pradesh, 01-07-2019,Monthly,4.34,9918255,46.36,Rural
Andhra Pradesh, 01-08-2019,Monthly,4.62,9949376,43.88,Rural
Andhra Pradesh, 01-09-2019,Monthly,4.27,10274745,46.07,Rural
Andhra Pradesh, 01-10-2019,Monthly,5.48,10352703,46.33,Rural
Andhra Pradesh, 01-11-2019,Monthly,4.82,10084893,42.94,Rural
Andhra Pradesh, 01-12-2019,Monthly,5.61,10126635,44.58,Rural
Andhra Pradesh, 01-01-2020,Monthly,5.66,9977217,46.45,Rural
Andhra Pradesh, 01-02-2020,Monthly,5.13,9981589,45.09,Rural
Andhra Pradesh, 01-03-2020,Monthly,5.53,10329341,47.44,Rural
Andhra Pradesh, 01-04-2020,Monthly,27.56,8317817,43.07,Rural
Andhra Pradesh, 01-05-2020,Monthly,19.48,9481200,44.25,Rural
Andhra Pradesh, 01-06-2020,Monthly,14.95,9855995,42.92,Rural
Andhra Pradesh, 01-07-2020,Monthly,8.96,9865986,45.33,Rural
Andhra Pradesh, 01-08-2020,Monthly,13.0,9593568,44.87,Rural
Andhra Pradesh, 01-09-2020,Monthly,9.45,9955226,44.18,Rural
Andhra Pradesh, 01-10-2020,Monthly,6.68,10015809,42.8,Rural
Andhra Pradesh, 01-01-2019,Monthly,6.95,12845840,47.33,Urban
Andhra Pradesh, 01-02-2019,Monthly,6.69,12838431,48.25,Urban
Andhra Pradesh, 01-03-2019,Monthly,6.85,13018824,52.28,Urban
Andhra Pradesh, 01-04-2019,Monthly,7.05,12964616,49.34,Urban
Andhra Pradesh, 01-05-2019,Monthly,5.8,12992780,49.54,Urban
Andhra Pradesh, 01-06-2019,Monthly,8.43,12738016,49.9,Urban
Andhra Pradesh, 01-07-2019,Monthly,6.93,12606611,51.17,Urban
Andhra Pradesh, 01-08-2019,Monthly,7.4,13073799,48.09,Urban
Andhra Pradesh, 01-09-2019,Monthly,7.79,12478671,50.33,Urban
Andhra Pradesh, 01-10-2019,Monthly,8.26,12546852,48.6,Urban
Andhra Pradesh, 01-11-2019,Monthly,7.01,12771895,47.13,Urban
Andhra Pradesh, 01-12-2019,Monthly,6.99,12629173,50.16,Urban
Andhra Pradesh, 01-01-2020,Monthly,6.4,13352691,48.28,Urban
Andhra Pradesh, 01-02-2020,Monthly,6.75,13132506,47.61,Urban
Andhra Pradesh, 01-03-2020,Monthly,7.08,13232742,47.04,Urban
Andhra Pradesh, 01-04-2020,Monthly,23.45,11239411,48.78,Urban
Andhra Pradesh, 01-05-2020,Monthly,27.5,11312725,46.79,Urban
Andhra Pradesh, 01-06-2020,Monthly,20.29,11881859,48.75,Urban
Andhra Pradesh, 01-07-2020,Monthly,10.17,12465614,51.79,Urban
Andhra Pradesh, 01-08-2020,Monthly,13.49,12559655,47.08,Urban
Andhra Pradesh, 01-09-2020,Monthly,9.35,12503491,50.64,Urban
Andhra Pradesh, 01-10-2020,Monthly,10.17,12426948,49.23,Urban
Assam, 01-01-2019,Monthly,8.93,6515168,44.96,Rural
Assam, 01-02-2019,Monthly,8.73,6913507,43.29,Rural
Assam, 01-03-2019,Monthly,7.56,6598882,41.7,Rural
Assam, 01-04-2019,Monthly,8.99,6549580,42.94,Rural
Assam, 01-05-2019,Monthly,8.33,6668814,42.47,Rural
Assam, 01-06-2019,Monthly,8.87,6686020,42.63,Rural
Assam, 01-07-2019,Monthly,7.85,6523856,44.21,Rural
Assam, 01-08-2019,Monthly,8.46,6648859,45.79,Rural
Assam, 01-09-2019,Monthly,8.54,6456493,44.73,Rural
Assam, 01-10-2019,Monthly,8.44,6681730,44.75,Rural
Assam, 01-11-2019,Monthly,7.83,6774513,44.51,Rural
Assam, 01-12-2019,Monthly,8.04,6623544,43.53,Rural
Assam, 01-01-2020,Monthly,8.42,6682355,45.3,Rural
Assam, 01-02-2020,Monthly,8.41,6743068,44.63,Rural
Assam, 01-03-2020,Monthly,8.54,6585759,41.42,Rural
Assam, 01-04-2020,Monthly,23.91,5867220,40.81,Rural
Assam, 01-05-2020,Monthly,29.32,5741285,39.23,Rural
Assam, 01-06-2020,Monthly,16.75,6163268,43.54,Rural
Assam, 01-07-2020,Monthly,12.98,6395085,43.43,Rural
Assam, 01-08-2020,Monthly,11.07,6463732,41.66,Rural
Assam, 01-09-2020,Monthly,11.84,6532157,42.78,Rural
Assam, 01-10-2020,Monthly,10.64,6389986,44.13,Rural
Assam, 01-01-2019,Monthly,10.71,4629396,42.35,Urban
Assam, 01-02-2019,Monthly,10.2,4521933,43.17,Urban
Assam, 01-03-2019,Monthly,11.46,4565214,42.25,Urban
Assam, 01-04-2019,Monthly,10.96,4736208,45.69,Urban
Assam, 01-05-2019,Monthly,9.49,4541627,46.05,Urban
Assam, 01-06-2019,Monthly,9.98,4612413,45.31,Urban
Assam, 01-07-2019,Monthly,9.85,4570222,39.28,Urban
Assam, 01-08-2019,Monthly,9.79,4554254,42.27,Urban
Assam, 01-09-2019,Monthly,11.38,4401268,43.49,Urban
Assam, 01-10-2019,Monthly,10.48,4688515,41.99,Urban
Assam, 01-11-2019,Monthly,11.1,4540008,42.67,Urban
Assam, 01-12-2019,Monthly,10.68,4569472,43.25,Urban
Assam, 01-01-2020,Monthly,10.45,4523093,44.32,Urban
Assam, 01-02-2020,Monthly,10.8,4692110,42.29,Urban
Assam, 01-03-2020,Monthly,11.68,4345549,43.92,Urban
Assam, 01-04-2020,Monthly,40.18,3659939,40.04,Urban
Assam, 01-05-2020,Monthly,29.84,4060322,41.71,Urban
Assam, 01-06-2020,Monthly,23.02,4221683,43.06,Urban
Assam, 01-07-2020,Monthly,16.92,4320250,44.21,Urban
Assam, 01-08-2020,Monthly,18.72,4162379,41.12,Urban
Assam, 01-09-2020,Monthly,14.06,4434717,43.32,Urban
Assam, 01-10-2020,Monthly,14.32,4409035,44.05,Urban
Bihar, 01-01-2019,Monthly,6.78,9343132,50.28,Rural
Bihar, 01-02-2019,Monthly,7.6,9072245,49.72,Rural
Bihar, 01-03-2019,Monthly,8.24,9278834,47.95,Rural
Bihar, 01-04-2019,Monthly,6.82,9387345,48.84,Rural
Bihar, 01-05-2019,Monthly,7.55,9246290,49.59,Rural
Bihar, 01-06-2019,Monthly,7.09,8768848,53.29,Rural
Bihar, 01-07-2019,Monthly,6.91,9308997,51.56,Rural
Bihar, 01-08-2019,Monthly,7.91,9025454,50.94,Rural
Bihar, 01-09-2019,Monthly,7.43,9291196,52.37,Rural
Bihar, 01-10-2019,Monthly,6.81,9045715,52.68,Rural
Bihar, 01-11-2019,Monthly,5.87,9510717,50.18,Rural
Bihar, 01-12-2019,Monthly,7.09,9026347,50.56,Rural
Bihar, 01-01-2020,Monthly,7.85,9247748,51.37,Rural
Bihar, 01-02-2020,Monthly,7.15,8883528,49.37,Rural
Bihar, 01-03-2020,Monthly,6.89,9246757,50.74,Rural
Bihar, 01-04-2020,Monthly,37.58,7417348,44.99,Rural
Bihar, 01-05-2020,Monthly,38.0,7438726,45.56,Rural
Bihar, 01-06-2020,Monthly,21.23,8485907,48.96,Rural
Bihar, 01-07-2020,Monthly,10.25,9144968,47.97,Rural
Bihar, 01-08-2020,Monthly,11.5,8520145,49.26,Rural
Bihar, 01-09-2020,Monthly,8.7,9124803,51.08,Rural
Bihar, 01-10-2020,Monthly,9.16,8793862,53.16,Rural
Bihar, 01-01-2019,Monthly,9.8,12611897,48.49,Urban
Bihar, 01-02-2019,Monthly,9.9,12693723,52.91,Urban
Bihar, 01-03-2019,Monthly,8.14,12712203,51.07,Urban
Bihar, 01-04-2019,Monthly,9.12,12671413,51.99,Urban
Bihar, 01-05-2019,Monthly,8.45,12804220,51.24,Urban
Bihar, 01-06-2019,Monthly,9.4,12945403,49.37,Urban
Bihar, 01-07-2019,Monthly,8.17,13192210,51.56,Urban
Bihar, 01-08-2019,Monthly,8.64,13223123,51.23,Urban
Bihar, 01-09-2019,Monthly,9.8,12748561,54.15,Urban
Bihar, 01-10-2019,Monthly,10.15,12640065,52.52,Urban
Bihar, 01-11-2019,Monthly,9.48,13106572,49.61,Urban
Bihar, 01-12-2019,Monthly,9.5,13025401,48.42,Urban
Bihar, 01-01-2020,Monthly,8.38,12322480,50.65,Urban
Bihar, 01-02-2020,Monthly,9.52,13137072,51.17,Urban
Bihar, 01-03-2020,Monthly,10.07,12358682,48.5,Urban
Bihar, 01-04-2020,Monthly,30.95,11013779,48.38,Urban
Bihar, 01-05-2020,Monthly,28.24,11385164,48.62,Urban
Bihar, 01-06-2020,Monthly,17.98,12247565,49.2,Urban
Bihar, 01-07-2020,Monthly,13.87,12525996,49.46,Urban
Bihar, 01-08-2020,Monthly,12.5,12153226,50.19,Urban
Bihar, 01-09-2020,Monthly,12.36,12532101,49.69,Urban
Bihar, 01-10-2020,Monthly,12.84,12697092,49.58,Urban
Chhattisgarh, 01-01-2019,Monthly,5.96,5671180,52.04,Rural
Chhattisgarh, 01-02-2019,Monthly,6.11,5736055,45.19,Rural
Chhattisgarh, 01-03-2019,Monthly,6.8,5669340,48.52,Rural
Chhattisgarh, 01-04-2019,Monthly,6.87,5668657,48.59,Rural
Chhattisgarh, 01-05-2019,Monthly,7.21,5485561,47.26,Rural
Chhattisgarh, 01-06-2019,Monthly,5.75,5799971,48.4,Rural
Chhattisgarh, 01-07-2019,Monthly,5.66,5748899,47.32,Rural
Chhattisgarh, 01-08-2019,Monthly,6.08,5835069,49.84,Rural
Chhattisgarh, 01-09-2019,Monthly,6.93,5854740,47.16,Rural
Chhattisgarh, 01-10-2019,Monthly,6.29,6077695,50.0,Rural
Chhattisgarh, 01-11-2019,Monthly,6.03,5995546,47.89,Rural
Chhattisgarh, 01-12-2019,Monthly,5.89,5978976,46.51,Rural
Chhattisgarh, 01-01-2020,Monthly,5.14,5953651,48.52,Rural
Chhattisgarh, 01-02-2020,Monthly,6.37,5757413,48.12,Rural
Chhattisgarh, 01-03-2020,Monthly,6.02,5739276,47.9,Rural
Chhattisgarh, 01-04-2020,Monthly,25.32,5118645,44.34,Rural
Chhattisgarh, 01-05-2020,Monthly,27.68,5019700,45.66,Rural
Chhattisgarh, 01-06-2020,Monthly,16.52,5486509,45.5,Rural
Chhattisgarh, 01-07-2020,Monthly,15.16,5658637,48.73,Rural
Chhattisgarh, 01-08-2020,Monthly,9.77,5589614,45.18,Rural
Chhattisgarh, 01-09-2020,Monthly,8.54,5685688,45.81,Rural
Chhattisgarh, 01-10-2020,Monthly,9.51,5678004,46.25,Rural
Chhattisgarh, 01-01-2019,Monthly,7.78,4323337,46.97,Urban
Chhattisgarh, 01-02-2019,Monthly,7.95,4424923,43.76,Urban
Chhattisgarh, 01-03-2019,Monthly,8.61,4458928,41.75,Urban
Chhattisgarh, 01-04-2019,Monthly,7.81,4406073,45.15,Urban
Chhattisgarh, 01-05-2019,Monthly,8.51,4284199,45.59,Urban
Chhattisgarh, 01-06-2019,Monthly,8.2,4446738,45.84,Urban
Chhattisgarh, 01-07-2019,Monthly,8.49,4301409,44.72,Urban
Chhattisgarh, 01-08-2019,Monthly,8.03,4384123,44.82,Urban
Chhattisgarh, 01-09-2019,Monthly,8.47,4517981,46.76,Urban
Chhattisgarh, 01-10-2019,Monthly,8.1,4452513,44.84,Urban
Chhattisgarh, 01-11-2019,Monthly,7.07,4287990,42.65,Urban
Chhattisgarh, 01-12-2019,Monthly,8.08,4350075,47.97,Urban
Chhattisgarh, 01-01-2020,Monthly,8.49,4318305,46.7,Urban
Chhattisgarh, 01-02-2020,Monthly,6.97,4399704,46.61,Urban
Chhattisgarh, 01-03-2020,Monthly,7.4,4466912,45.96,Urban
Chhattisgarh, 01-04-2020,Monthly,32.34,3754331,41.93,Urban
Chhattisgarh, 01-05-2020,Monthly,34.85,3553151,42.68,Urban
Chhattisgarh, 01-06-2020,Monthly,16.05,4254765,44.82,Urban
Chhattisgarh, 01-07-2020,Monthly,16.3,4081096,43.94,Urban
Chhattisgarh, 01-08-2020,Monthly,14.69,4131599,43.58,Urban
Chhattisgarh, 01-09-2020,Monthly,11.98,4356550,45.6,Urban
Chhattisgarh, 01-10-2020,Monthly,11.17,4173427,44.42,Urban
Delhi, 01-01-2019,Monthly,3.1,9748114,50.99,Rural
Delhi, 01-02-2019,Monthly,5.22,10049960,50.79,Rural
Delhi, 01-03-2019,Monthly,4.71,10242712,51.04,Rural
Delhi, 01-04-2019,Monthly,3.9,10224375,49.01,Rural
Delhi, 01-05-2019,Monthly,2.83,10626781,50.99,Rural
Delhi, 01-06-2019,Monthly,3.7,10167903,51.89,Rural
Delhi, 01-07-2019,Monthly,5.16,10200616,49.84,Rural
Delhi, 01-08-2019,Monthly,3.56,10413418,49.84,Rural
Delhi, 01-09-2019,Monthly,4.15,9686592,50.37,Rural
Delhi, 01-10-2019,Monthly,4.01,10424736,49.49,Rural
Delhi, 01-11-2019,Monthly,2.73,10192963,,Rural
Delhi, 01-12-2019,Monthly,3.55,10194271,48.74,Rural
Delhi, 01-01-2020,Monthly,4.12,10127924,52.34,Rural
Delhi, 01-02-2020,Monthly,2.53,10050514,51.49,Rural
Delhi, 01-03-2020,Monthly,3.16,10186376,50.72,Rural
Delhi, 01-04-2020,Monthly,27.66,8690758,47.09,Rural
Delhi, 01-05-2020,Monthly,21.72,9088081,51.85,Rural
Delhi, 01-06-2020,Monthly,11.5,9649211,51.7,Rural
Delhi, 01-07-2020,Monthly,8.01,9670530,48.11,Rural
Delhi, 01-08-2020,Monthly,7.67,9658273,48.97,Rural
Delhi, 01-09-2020,Monthly,6.35,10006402,51.01,Rural
Delhi, 01-10-2020,Monthly,6.15,10177765,48.58,Rural
Delhi, 01-01-2019,Monthly,5.32,5029667,36.44,Urban
Delhi, 01-02-2019,Monthly,6.06,4934163,37.71,Urban
Delhi, 01-03-2019,Monthly,6.06,5002085,37.73,Urban
Delhi, 01-04-2019,Monthly,6.33,4842707,39.2,Urban
Delhi, 01-05-2019,Monthly,5.99,4929506,38.77,Urban
Delhi, 01-06-2019,Monthly,4.89,5086673,38.0,Urban
Delhi, 01-07-2019,Monthly,5.32,5085383,37.22,Urban
Delhi, 01-08-2019,Monthly,4.79,4841711,39.18,Urban
Delhi, 01-09-2019,Monthly,4.87,5170219,35.15,Urban
Delhi, 01-10-2019,Monthly,6.65,4960625,38.13,Urban
Delhi, 01-11-2019,Monthly,5.31,5021058,38.22,Urban
Delhi, 01-12-2019,Monthly,6.3,4962075,38.5,Urban
Delhi, 01-01-2020,Monthly,5.42,4972266,38.74,Urban
Delhi, 01-02-2020,Monthly,4.61,4867981,39.39,Urban
Delhi, 01-03-2020,Monthly,5.74,4949755,38.3,Urban
Delhi, 01-04-2020,Monthly,23.42,4278068,36.47,Urban
Delhi, 01-05-2020,Monthly,29.57,4272453,35.16,Urban
Delhi, 01-06-2020,Monthly,19.03,4466223,37.12,Urban
Delhi, 01-07-2020,Monthly,12.1,4649429,36.2,Urban
Delhi, 01-08-2020,Monthly,9.48,4818663,38.0,Urban
Delhi, 01-09-2020,Monthly,8.08,4758062,36.47,Urban
Delhi, 01-10-2020,Monthly,7.98,4955008,35.17,Urban
Goa, 01-01-2019,Monthly,3.69,11089545,45.58,Rural
Goa, 01-02-2019,Monthly,2.72,11114471,43.68,Rural
Goa, 01-03-2019,Monthly,2.62,11342176,44.14,Rural
Goa, 01-04-2019,Monthly,3.78,11083714,44.16,Rural
Goa, 01-05-2019,Monthly,4.82,10963135,42.33,Rural
Goa, 01-06-2019,Monthly,3.4,11180787,45.46,Rural
Goa, 01-07-2019,Monthly,2.98,11304418,42.02,Rural
Goa, 01-08-2019,Monthly,4.32,10716861,44.33,Rural
Goa, 01-09-2019,Monthly,4.27,11036886,45.89,Rural
Goa, 01-10-2019,Monthly,4.01,11312404,46.26,Rural
Goa, 01-11-2019,Monthly,3.36,11212477,42.37,Rural
Goa, 01-12-2019,Monthly,3.6,11237198,44.87,Rural
Goa, 01-01-2020,Monthly,3.9,10988613,46.36,Rural
Goa, 01-02-2020,Monthly,3.59,10954196,45.99,Rural
Goa, 01-03-2020,Monthly,2.79,11222359,43.1,Rural
Goa, 01-04-2020,Monthly,30.27,9213158,40.12,Rural
Goa, 01-05-2020,Monthly,26.34,9713185,42.5,Rural
Goa, 01-06-2020,Monthly,16.73,10182597,44.32,Rural
Goa, 01-07-2020,Monthly,12.07,10339054,42.75,Rural
Goa, 01-08-2020,Monthly,8.28,10643111,45.92,Rural
Goa, 01-09-2020,Monthly,5.38,11109432,43.87,Rural
Goa, 01-10-2020,Monthly,5.01,10740252,43.23,Rural
Goa, 01-01-2019,Monthly,5.62,4074221,40.92,Urban
Goa, 01-02-2019,Monthly,5.04,4149903,38.27,Urban
Goa, 01-03-2019,Monthly,5.61,4110182,36.91,Urban
Goa, 01-04-2019,Monthly,5.87,4062403,39.33,Urban
Goa, 01-05-2019,Monthly,5.81,4249228,37.63,Urban
Goa, 01-06-2019,Monthly,5.32,4012090,37.76,Urban
Goa, 01-07-2019,Monthly,5.25,4160982,40.72,Urban
Goa, 01-08-2019,Monthly,5.29,3995681,39.3,Urban
Goa, 01-09-2019,Monthly,5.3,4114476,38.89,Urban
Goa, 01-10-2019,Monthly,4.73,4203803,41.28,Urban
Goa, 01-11-2019,Monthly,5.27,4032447,39.02,Urban
Goa, 01-12-2019,Monthly,5.84,4102985,41.6,Urban
Goa, 01-01-2020,Monthly,5.53,3992594,36.52,Urban
Goa, 01-02-2020,Monthly,5.2,4063050,41.28,Urban
Goa, 01-03-2020,Monthly,5.33,4080704,38.56,Urban
Goa, 01-04-2020,Monthly,28.56,3561389,35.77,Urban
Goa, 01-05-2020,Monthly,26.26,3665913,36.43,Urban
Goa, 01-06-2020,Monthly,19.8,3767066,37.06,Urban
Goa, 01-07-2020,Monthly,13.46,3896712,39.09,Urban
Goa, 01-08-2020,Monthly,12.43,3833190,38.4,Urban
Goa, 01-09-2020,Monthly,9.18,3977142,39.85,Urban
Goa, 01-10-2020,Monthly,6.63,4063429,38.97,Urban
Gujarat, 01-01-2019,Monthly,3.54,3865143,45.14,Rural
Gujarat, 01-02-2019,Monthly,3.1,4054658,43.08,Rural
Gujarat, 01-03-2019,Monthly,3.95,3990866,45.5,Rural
Gujarat, 01-04-2019,Monthly,2.81,4044736,45.18,Rural
Gujarat, 01-05-2019,Monthly,3.77,3863393,45.37,Rural
Gujarat, 01-06-2019,Monthly,3.29,3974938,44.5,Rural
Gujarat, 01-07-2019,Monthly,2.83,4015089,42.39,Rural
Gujarat, 01-08-2019,Monthly,3.63,3943421,45.3,Rural
Gujarat, 01-09-2019,Monthly,3.27,3948452,44.91,Rural
Gujarat, 01-10-2019,Monthly,1.83,4084562,46.72,Rural
Gujarat, 01-11-2019,Monthly,2.03,3988032,43.26,Rural
Gujarat, 01-12-2019,Monthly,2.94,4050270,46.59,Rural
Gujarat, 01-01-2020,Monthly,3.72,4083659,44.77,Rural
Gujarat, 01-02-2020,Monthly,2.36,4003405,46.05,Rural
Gujarat, 01-03-2020,Monthly,2.31,4147047,46.45,Rural
Gujarat, 01-04-2020,Monthly,21.37,3459447,44.5,Rural
Gujarat, 01-05-2020,Monthly,31.32,3303520,41.31,Rural
Gujarat, 01-06-2020,Monthly,17.12,3693686,43.64,Rural
Gujarat, 01-07-2020,Monthly,9.29,3868289,45.96,Rural
Gujarat, 01-08-2020,Monthly,8.75,3804362,46.99,Rural
Gujarat, 01-09-2020,Monthly,4.21,3966404,42.48,Rural
Gujarat, 01-10-2020,Monthly,6.78,3869823,41.76,Rural
Gujarat, 01-01-2019,Monthly,4.78,4433545,35.79,Urban
Gujarat, 01-02-2019,Monthly,5.5,4711379,38.8,Urban
Gujarat, 01-03-2019,Monthly,4.47,4663856,38.16,Urban
Gujarat, 01-04-2019,Monthly,4.35,4812082,39.48,Urban
Gujarat, 01-05-2019,Monthly,4.92,4657931,,Urban
Gujarat, 01-06-2019,Monthly,3.82,4663701,37.14,Urban
Gujarat, 01-07-2019,Monthly,4.45,4642660,40.86,Urban
Gujarat, 01-08-2019,Monthly,5.43,4587534,39.02,Urban
Gujarat, 01-09-2019,Monthly,5.89,4713020,38.25,Urban
Gujarat, 01-10-2019,Monthly,4.66,4727897,38.75,Urban
Gujarat, 01-11-2019,Monthly,5.59,4695048,39.74,Urban
Gujarat, 01-12-2019,Monthly,4.73,4783658,38.46,Urban
Gujarat, 01-01-2020,Monthly,6.29,4552152,40.77,Urban
Gujarat, 01-02-2020,Monthly,5.17,4587636,37.44,Urban
Gujarat, 01-03-2020,Monthly,4.86,4696652,38.95,Urban
Gujarat, 01-04-2020,Monthly,29.58,4179382,34.29,Urban
Gujarat, 01-05-2020,Monthly,30.86,3918121,35.21,Urban
Gujarat, 01-06-2020,Monthly,13.01,4518899,36.71,Urban
Gujarat, 01-07-2020,Monthly,11.39,4609648,35.33,Urban
Gujarat, 01-08-2020,Monthly,12.11,4309474,39.97,Urban
Gujarat, 01-09-2020,Monthly,8.87,4538083,37.43,Urban
Gujarat, 01-10-2020,Monthly,7.41,4657052,38.16,Urban
Haryana, 01-01-2019,Monthly,8.72,10444444,41.55,Rural
Haryana, 01-02-2019,Monthly,7.49,10432320,40.51,Rural
Haryana, 01-03-2019,Monthly,6.91,10392402,40.71,Rural
Haryana, 01-04-2019,Monthly,8.53,9836748,41.3,Rural
Haryana, 01-05-2019,Monthly,7.2,10449850,41.51,Rural
Haryana, 01-06-2019,Monthly,7.84,10508779,39.08,Rural
Haryana, 01-07-2019,Monthly,8.56,10149335,38.62,Rural
Haryana, 01-08-2019,Monthly,7.73,9915393,41.33,Rural
Haryana, 01-09-2019,Monthly,7.74,10603875,41.92,Rural
Haryana, 01-10-2019,Monthly,7.06,10218530,41.73,Rural
Haryana, 01-11-2019,Monthly,8.41,10557279,42.77,Rural
Haryana, 01-12-2019,Monthly,7.84,10416917,42.9,Rural
Haryana, 01-01-2020,Monthly,7.72,10428864,40.46,Rural
Haryana, 01-02-2020,Monthly,7.57,10369959,39.92,Rural
Haryana, 01-03-2020,Monthly,7.82,10129422,40.66,Rural
Haryana, 01-04-2020,Monthly,30.77,9010885,38.08,Rural
Haryana, 01-05-2020,Monthly,28.46,9528364,36.37,Rural
Haryana, 01-06-2020,Monthly,16.38,10003004,38.15,Rural
Haryana, 01-07-2020,Monthly,12.07,9935528,41.96,Rural
Haryana, 01-08-2020,Monthly,11.68,10267402,41.11,Rural
Haryana, 01-09-2020,Monthly,11.71,10494258,41.82,Rural
Haryana, 01-10-2020,Monthly,10.79,10374225,42.32,Rural
Haryana, 01-01-2019,Monthly,10.88,10272636,41.47,Urban
Haryana, 01-02-2019,Monthly,9.44,10596754,41.51,Urban
Haryana, 01-03-2019,Monthly,10.09,10655977,43.44,Urban
Haryana, 01-04-2019,Monthly,10.17,10509885,42.47,Urban
Haryana, 01-05-2019,Monthly,10.61,10273084,,Urban
Haryana, 01-06-2019,Monthly,10.32,10488636,43.08,Urban
Haryana, 01-07-2019,Monthly,9.81,10612485,40.76,Urban
Haryana, 01-08-2019,Monthly,9.91,10347238,38.86,Urban
Haryana, 01-09-2019,Monthly,10.85,10337138,39.53,Urban
Haryana, 01-10-2019,Monthly,8.61,10530701,39.03,Urban
Haryana, 01-11-2019,Monthly,10.88,10725665,39.99,Urban
Haryana, 01-12-2019,Monthly,11.25,10694564,40.53,Urban
Haryana, 01-01-2020,Monthly,8.4,11170421,38.94,Urban
Haryana, 01-02-2020,Monthly,8.91,10864183,44.68,Urban
Haryana, 01-03-2020,Monthly,10.73,10642460,41.91,Urban
Haryana, 01-04-2020,Monthly,39.74,8522408,37.21,Urban
Haryana, 01-05-2020,Monthly,38.35,8611011,34.14,Urban
Haryana, 01-06-2020,Monthly,20.12,10082159,38.55,Urban
Haryana, 01-07-2020,Monthly,16.14,9839178,38.68,Urban
Haryana, 01-08-2020,Monthly,15.53,10172335,40.02,Urban
Haryana, 01-09-2020,Monthly,13.0,10093489,39.66,Urban
Haryana, 01-10-2020,Monthly,12.79,10674760,40.5,Urban
Himachal Pradesh, 01-01-2019,Monthly,6.59,4312473,47.51,Rural
Himachal Pradesh, 01-02-2019,Monthly,6.54,4277488,46.3,Rural
Himachal Pradesh, 01-03-2019,Monthly,6.61,4188563,47.43,Rural
Himachal Pradesh, 01-04-2019,Monthly,6.13,4289208,46.83,Rural
Himachal Pradesh, 01-05-2019,Monthly,6.75,4235847,46.91,Rural
Himachal Pradesh, 01-06-2019,Monthly,5.97,4474248,44.46,Rural
Himachal Pradesh, 01-07-2019,Monthly,6.45,4236927,49.04,Rural
Himachal Pradesh, 01-08-2019,Monthly,5.56,4373449,44.6,Rural
Himachal Pradesh, 01-09-2019,Monthly,6.09,4352944,47.54,Rural
Himachal Pradesh, 01-10-2019,Monthly,7.28,4150317,46.1,Rural
Himachal Pradesh, 01-11-2019,Monthly,7.18,4140164,46.17,Rural
Himachal Pradesh, 01-12-2019,Monthly,6.31,4343858,44.54,Rural
Himachal Pradesh, 01-01-2020,Monthly,5.45,4165525,47.17,Rural
Himachal Pradesh, 01-02-2020,Monthly,6.97,4316283,44.9,Rural
Himachal Pradesh, 01-03-2020,Monthly,5.33,4383103,44.05,Rural
Himachal Pradesh, 01-04-2020,Monthly,26.2,3776110,41.5,Rural
Himachal Pradesh, 01-05-2020,Monthly,21.95,3942443,44.85,Rural
Himachal Pradesh, 01-06-2020,Monthly,19.58,3793981,44.28,Rural
Himachal Pradesh, 01-07-2020,Monthly,11.39,4333980,44.61,Rural
Himachal Pradesh, 01-08-2020,Monthly,10.64,4238403,45.32,Rural
Himachal Pradesh, 01-09-2020,Monthly,7.24,4336999,44.1,Rural
Himachal Pradesh, 01-10-2020,Monthly,8.71,4181207,47.2,Rural
Himachal Pradesh, 01-01-2019,Monthly,7.65,12087647,49.13,Urban
Himachal Pradesh, 01-02-2019,Monthly,8.39,12669633,47.9,Urban
Himachal Pradesh, 01-03-2019,Monthly,8.42,12030834,47.51,Urban
Himachal Pradesh, 01-04-2019,Monthly,8.22,12293155,48.74,Urban
Himachal Pradesh, 01-05-2019,Monthly,7.84,11827062,44.55,Urban
Himachal Pradesh, 01-06-2019,Monthly,8.61,11824353,44.08,Urban
Himachal Pradesh, 01-07-2019,Monthly,8.54,12699793,47.3,Urban
Himachal Pradesh, 01-08-2019,Monthly,8.81,12095767,47.16,Urban
Himachal Pradesh, 01-09-2019,Monthly,8.86,12002219,47.71,Urban
Himachal Pradesh, 01-10-2019,Monthly,8.5,11938050,48.8,Urban
Himachal Pradesh, 01-11-2019,Monthly,8.2,11939290,48.11,Urban
Himachal Pradesh, 01-12-2019,Monthly,7.77,12162581,47.3,Urban
Himachal Pradesh, 01-01-2020,Monthly,8.96,12179189,47.27,Urban
Himachal Pradesh, 01-02-2020,Monthly,8.8,12412744,48.15,Urban
Himachal Pradesh, 01-03-2020,Monthly,8.31,11796183,45.71,Urban
Himachal Pradesh, 01-04-2020,Monthly,28.64,10666491,44.31,Urban
Himachal Pradesh, 01-05-2020,Monthly,29.83,10054172,42.68,Urban
Himachal Pradesh, 01-06-2020,Monthly,21.35,11237009,43.42,Urban
Himachal Pradesh, 01-07-2020,Monthly,14.43,11993309,46.59,Urban
Himachal Pradesh, 01-08-2020,Monthly,16.02,11394295,45.5,Urban
Himachal Pradesh, 01-09-2020,Monthly,9.3,11965463,46.52,Urban
Himachal Pradesh, 01-10-2020,Monthly,10.94,11547686,48.3,Urban
Jammu & Kashmir, 01-01-2019,Monthly,6.32,9386423,46.54,Rural
Jammu & Kashmir, 01-02-2019,Monthly,7.54,9259227,44.98,Rural
Jammu & Kashmir, 01-03-2019,Monthly,7.67,9287202,48.05,Rural
Jammu & Kashmir, 01-04-2019,Monthly,7.41,9356514,46.47,Rural
Jammu & Kashmir, 01-05-2019,Monthly,6.71,9399947,48.03,Rural
Jammu & Kashmir, 01-06-2019,Monthly,6.47,9437585,45.06,Rural
Jammu & Kashmir, 01-07-2019,Monthly,6.35,9418225,43.79,Rural
Jammu & Kashmir, 01-08-2019,Monthly,8.18,9094018,46.67,Rural
Jammu & Kashmir, 01-09-2019,Monthly,7.65,9186464,43.28,Rural
Jammu & Kashmir, 01-10-2019,Monthly,6.68,9240139,43.32,Rural
Jammu & Kashmir, 01-11-2019,Monthly,7.12,9417792,48.45,Rural
Jammu & Kashmir, 01-12-2019,Monthly,6.28,9126976,46.12,Rural
Jammu & Kashmir, 01-01-2020,Monthly,6.9,9565178,48.85,Rural
Jammu & Kashmir, 01-02-2020,Monthly,7.68,9397850,47.93,Rural
Jammu & Kashmir, 01-03-2020,Monthly,6.56,9443282,44.95,Rural
Jammu & Kashmir, 01-04-2020,Monthly,33.05,8171058,43.03,Rural
Jammu & Kashmir, 01-05-2020,Monthly,22.72,8385144,43.19,Rural
Jammu & Kashmir, 01-06-2020,Monthly,18.1,8943127,44.19,Rural
Jammu & Kashmir, 01-07-2020,Monthly,12.98,8955381,46.21,Rural
Jammu & Kashmir, 01-08-2020,Monthly,13.35,9192485,44.58,Rural
Jammu & Kashmir, 01-09-2020,Monthly,9.07,9171128,46.73,Rural
Jammu & Kashmir, 01-10-2020,Monthly,9.72,9310369,49.48,Rural
Jammu & Kashmir, 01-01-2019,Monthly,8.56,14158524,38.67,Urban
Jammu & Kashmir, 01-02-2019,Monthly,9.11,14275919,39.35,Urban
Jammu & Kashmir, 01-03-2019,Monthly,9.27,14135063,38.04,Urban
Jammu & Kashmir, 01-04-2019,Monthly,8.44,13620213,35.64,Urban
Jammu & Kashmir, 01-05-2019,Monthly,10.18,13454596,38.26,Urban
Jammu & Kashmir, 01-06-2019,Monthly,8.78,13966573,39.81,Urban
Jammu & Kashmir, 01-07-2019,Monthly,9.46,13660058,38.34,Urban
Jammu & Kashmir, 01-08-2019,Monthly,9.12,13782825,,Urban
Jammu & Kashmir, 01-09-2019,Monthly,9.24,14044152,39.58,Urban
Jammu & Kashmir, 01-10-2019,Monthly,9.65,13854703,36.64,Urban
Jammu & Kashmir, 01-11-2019,Monthly,9.19,13665175,37.79,Urban
Jammu & Kashmir, 01-12-2019,Monthly,9.3,14178345,38.62,Urban
Jammu & Kashmir, 01-01-2020,Monthly,9.13,14321861,38.95,Urban
Jammu & Kashmir, 01-02-2020,Monthly,10.51,13884665,35.95,Urban
Jammu & Kashmir, 01-03-2020,Monthly,9.4,13932292,40.52,Urban
Jammu & Kashmir, 01-04-2020,Monthly,26.75,12239587,35.95,Urban
Jammu & Kashmir, 01-05-2020,Monthly,27.52,12025431,34.91,Urban
Jammu & Kashmir, 01-06-2020,Monthly,21.74,12925231,38.89,Urban
Jammu & Kashmir, 01-07-2020,Monthly,13.61,13292968,37.8,Urban
Jammu & Kashmir, 01-08-2020,Monthly,15.76,12882838,35.91,Urban
Jammu & Kashmir, 01-09-2020,Monthly,10.83,13599163,40.96,Urban
Jammu & Kashmir, 01-10-2020,Monthly,12.37,13105112,40.22,Urban
Jharkhand, 01-01-2019,Monthly,3.52,11274767,44.05,Rural
Jharkhand, 01-02-2019,Monthly,2.32,11998274,43.33,Rural
Jharkhand, 01-03-2019,Monthly,2.9,11291576,46.57,Rural
Jharkhand, 01-04-2019,Monthly,3.96,11746314,45.21,Rural
Jharkhand, 01-05-2019,Monthly,2.45,11670698,43.77,Rural
Jharkhand, 01-06-2019,Monthly,3.61,11653766,42.8,Rural
Jharkhand, 01-07-2019,Monthly,3.39,11570351,39.62,Rural
Jharkhand, 01-08-2019,Monthly,3.3,11322180,42.45,Rural
Jharkhand, 01-09-2019,Monthly,2.32,11458699,44.5,Rural
Jharkhand, 01-10-2019,Monthly,2.0,11555391,44.64,Rural
Jharkhand, 01-11-2019,Monthly,3.94,11131334,43.25,Rural
Jharkhand, 01-12-2019,Monthly,2.98,11706036,43.32,Rural
Jharkhand, 01-01-2020,Monthly,3.54,10962248,41.9,Rural
Jharkhand, 01-02-2020,Monthly,3.03,11116991,42.01,Rural
Jharkhand, 01-03-2020,Monthly,2.51,11653613,40.93,Rural
Jharkhand, 01-04-2020,Monthly,32.04,9324417,37.02,Rural
Jharkhand, 01-05-2020,Monthly,30.69,9582401,39.27,Rural
Jharkhand, 01-06-2020,Monthly,15.52,10560860,44.66,Rural
Jharkhand, 01-07-2020,Monthly,8.55,11226239,43.53,Rural
Jharkhand, 01-08-2020,Monthly,5.84,11415678,45.07,Rural
Jharkhand, 01-09-2020,Monthly,6.11,11024464,43.73,Rural
Jharkhand, 01-10-2020,Monthly,4.44,11548659,42.31,Rural
Jharkhand, 01-01-2019,Monthly,4.81,11999703,40.66,Urban
Jharkhand, 01-02-2019,Monthly,5.35,12319781,43.87,Urban
Jharkhand, 01-03-2019,Monthly,4.86,12303419,41.95,Urban
Jharkhand, 01-04-2019,Monthly,4.51,12398550,42.41,Urban
Jharkhand, 01-05-2019,Monthly,5.0,11837403,45.0,Urban
Jharkhand, 01-06-2019,Monthly,4.8,11788871,46.04,Urban
Jharkhand, 01-07-2019,Monthly,4.38,12016029,44.6,Urban
Jharkhand, 01-08-2019,Monthly,5.51,11882498,44.39,Urban
Jharkhand, 01-09-2019,Monthly,5.08,12330003,44.56,Urban
Jharkhand, 01-10-2019,Monthly,4.6,11995470,44.43,Urban
Jharkhand, 01-11-2019,Monthly,4.18,11514684,44.95,Urban
Jharkhand, 01-12-2019,Monthly,5.37,11566247,42.78,Urban
Jharkhand, 01-01-2020,Monthly,5.19,12652913,44.33,Urban
Jharkhand, 01-02-2020,Monthly,4.39,12168983,46.36,Urban
Jharkhand, 01-03-2020,Monthly,4.44,12014793,43.57,Urban
Jharkhand, 01-04-2020,Monthly,30.6,9944378,40.49,Urban
Jharkhand, 01-05-2020,Monthly,32.82,9759046,41.4,Urban
Jharkhand, 01-06-2020,Monthly,17.09,11038664,42.44,Urban
Jharkhand, 01-07-2020,Monthly,10.85,11996452,43.52,Urban
Jharkhand, 01-08-2020,Monthly,8.4,11998269,45.68,Urban
Jharkhand, 01-09-2020,Monthly,7.46,12289434,43.96,Urban
Jharkhand, 01-10-2020,Monthly,6.81,12267782,45.06,Urban
Karnataka, 01-01-2019,Monthly,8.36,12878689,41.61,Rural
Karnataka, 01-02-2019,Monthly,8.21,12843547,43.58,Rural
Karnataka, 01-03-2019,Monthly,8.4,12455508,41.33,Rural
Karnataka, 01-04-2019,Monthly,8.64,12781451,42.8,Rural
Karnataka, 01-05-2019,Monthly,8.83,12718802,42.83,Rural
Karnataka, 01-06-2019,Monthly,8.49,13037508,44.58,Rural
Karnataka, 01-07-2019,Monthly,7.81,12734663,42.48,Rural
Karnataka, 01-08-2019,Monthly,8.36,13212820,42.77,Rural
Karnataka, 01-09-2019,Monthly,8.04,12933929,42.84,Rural
Karnataka, 01-10-2019,Monthly,8.7,13188026,42.96,Rural
Karnataka, 01-11-2019,Monthly,8.34,12258329,42.19,Rural
Karnataka, 01-12-2019,Monthly,9.3,12656270,39.07,Rural
Karnataka, 01-01-2020,Monthly,8.22,13020084,43.25,Rural
Karnataka, 01-02-2020,Monthly,8.02,12638607,41.82,Rural
Karnataka, 01-03-2020,Monthly,8.12,12256000,43.58,Rural
Karnataka, 01-04-2020,Monthly,33.59,10936779,38.14,Rural
Karnataka, 01-05-2020,Monthly,30.61,10992201,39.68,Rural
Karnataka, 01-06-2020,Monthly,18.65,11815746,41.15,Rural
Karnataka, 01-07-2020,Monthly,12.15,12580327,41.09,Rural
Karnataka, 01-08-2020,Monthly,15.2,12235065,44.41,Rural
Karnataka, 01-09-2020,Monthly,11.05,12208222,43.23,Rural
Karnataka, 01-10-2020,Monthly,11.91,12571143,41.62,Rural
Karnataka, 01-01-2019,Monthly,10.44,9342419,49.05,Urban
Karnataka, 01-02-2019,Monthly,10.45,9113669,48.66,Urban
Karnataka, 01-03-2019,Monthly,10.2,9525585,47.89,Urban
Karnataka, 01-04-2019,Monthly,10.63,9651330,46.74,Urban
Karnataka, 01-05-2019,Monthly,10.83,9455161,48.5,Urban
Karnataka, 01-06-2019,Monthly,10.89,9323008,49.02,Urban
Karnataka, 01-07-2019,Monthly,10.2,9697111,47.94,Urban
Karnataka, 01-08-2019,Monthly,11.62,9413747,46.87,Urban
Karnataka, 01-09-2019,Monthly,10.51,9466235,48.59,Urban
Karnataka, 01-10-2019,Monthly,9.55,9380484,45.79,Urban
Karnataka, 01-11-2019,Monthly,11.09,9813122,47.23,Urban
Karnataka, 01-12-2019,Monthly,10.42,9542803,49.13,Urban
Karnataka, 01-01-2020,Monthly,9.96,9602772,48.85,Urban
Karnataka, 01-02-2020,Monthly,10.82,9540977,48.89,Urban
Karnataka, 01-03-2020,Monthly,8.9,9752648,46.41,Urban
Karnataka, 01-04-2020,Monthly,36.03,8108606,43.74,Urban
Karnataka, 01-05-2020,Monthly,33.14,8357988,46.6,Urban
Karnataka, 01-06-2020,Monthly,20.86,8720647,45.95,Urban
Karnataka, 01-07-2020,Monthly,16.74,9111445,46.84,Urban
Karnataka, 01-08-2020,Monthly,17.57,9510008,46.54,Urban
Karnataka, 01-09-2020,Monthly,11.29,9226293,46.29,Urban
Karnataka, 01-10-2020,Monthly,11.92,9396457,44.08,Urban
Kerala, 01-01-2019,Monthly,7.16,10120896,40.44,Rural
Kerala, 01-02-2019,Monthly,7.7,10445203,39.88,Rural
Kerala, 01-03-2019,Monthly,7.98,10762579,41.31,Rural
Kerala, 01-04-2019,Monthly,7.59,10071265,40.45,Rural
Kerala, 01-05-2019,Monthly,7.16,10313040,40.9,Rural
Kerala, 01-06-2019,Monthly,6.4,10303333,42.36,Rural
Kerala, 01-07-2019,Monthly,7.46,10105424,38.68,Rural
Kerala, 01-08-2019,Monthly,6.58,10466601,40.47,Rural
Kerala, 01-09-2019,Monthly,8.16,10506140,42.13,Rural
Kerala, 01-10-2019,Monthly,7.37,10274336,39.82,Rural
Kerala, 01-11-2019,Monthly,7.27,10321341,39.5,Rural
Kerala, 01-12-2019,Monthly,6.37,10125852,40.29,Rural
Kerala, 01-01-2020,Monthly,8.61,10065212,41.51,Rural
Kerala, 01-02-2020,Monthly,7.59,10481148,42.48,Rural
Kerala, 01-03-2020,Monthly,8.4,9825359,41.06,Rural
Kerala, 01-04-2020,Monthly,36.26,8284206,37.07,Rural
Kerala, 01-05-2020,Monthly,36.27,8261311,33.92,Rural
Kerala, 01-06-2020,Monthly,19.2,9380018,39.1,Rural
Kerala, 01-07-2020,Monthly,10.13,10214355,41.49,Rural
Kerala, 01-08-2020,Monthly,15.7,9583720,42.32,Rural
Kerala, 01-09-2020,Monthly,10.15,9845634,39.89,Rural
Kerala, 01-10-2020,Monthly,11.95,10007518,40.63,Rural
Kerala, 01-01-2019,Monthly,10.17,7920413,52.79,Urban
Kerala, 01-02-2019,Monthly,8.7,8455801,52.52,Urban
Kerala, 01-03-2019,Monthly,9.04,8198808,49.17,Urban
Kerala, 01-04-2019,Monthly,9.57,8188404,52.0,Urban
Kerala, 01-05-2019,Monthly,10.48,8419815,49.99,Urban
Kerala, 01-06-2019,Monthly,9.57,7961588,49.62,Urban
Kerala, 01-07-2019,Monthly,10.27,8467061,48.98,Urban
Kerala, 01-08-2019,Monthly,9.34,8246686,51.25,Urban
Kerala, 01-09-2019,Monthly,9.21,8327913,50.12,Urban
Kerala, 01-10-2019,Monthly,9.69,8322805,50.84,Urban
Kerala, 01-11-2019,Monthly,9.43,8228055,50.7,Urban
Kerala, 01-12-2019,Monthly,9.47,8201373,53.23,Urban
Kerala, 01-01-2020,Monthly,10.03,8166204,51.88,Urban
Kerala, 01-02-2020,Monthly,9.49,8436304,51.39,Urban
Kerala, 01-03-2020,Monthly,9.63,8309523,48.48,Urban
Kerala, 01-04-2020,Monthly,32.14,7081134,45.59,Urban
Kerala, 01-05-2020,Monthly,33.2,7069615,44.66,Urban
Kerala, 01-06-2020,Monthly,19.44,7526313,48.02,Urban
Kerala, 01-07-2020,Monthly,16.34,8001859,48.05,Urban
Kerala, 01-08-2020,Monthly,15.06,7918452,53.55,Urban
Kerala, 01-09-2020,Monthly,12.56,8398649,48.66,Urban
Kerala, 01-10-2020,Monthly,12.18,8097272,49.65,Urban
Madhya Pradesh, 01-01-2019,Monthly,4.13,6568370,45.06,Rural
Madhya Pradesh, 01-02-2019,Monthly,4.14,6259143,46.91,Rural
Madhya Pradesh, 01-03-2019,Monthly,3.9,6204062,45.58,Rural
Madhya Pradesh, 01-04-2019,Monthly,4.21,6373362,47.17,Rural
Madhya Pradesh, 01-05-2019,Monthly,3.11,6276444,46.56,Rural
Madhya Pradesh, 01-06-2019,Monthly,3.54,6397741,41.97,Rural
Madhya Pradesh, 01-07-2019,Monthly,5.6,6252618,47.39,Rural
Madhya Pradesh, 01-08-2019,Monthly,3.77,6410757,47.84,Rural
Madhya Pradesh, 01-09-2019,Monthly,4.67,6296978,45.4,Rural
Madhya Pradesh, 01-10-2019,Monthly,4.58,6621863,45.89,Rural
Madhya Pradesh, 01-11-2019,Monthly,5.15,6273863,47.03,Rural
Madhya Pradesh, 01-12-2019,Monthly,4.63,6272492,44.48,Rural
Madhya Pradesh, 01-01-2020,Monthly,4.66,6256086,44.26,Rural
Madhya Pradesh, 01-02-2020,Monthly,3.56,6297956,46.89,Rural
Madhya Pradesh, 01-03-2020,Monthly,4.28,6428790,46.23,Rural
Madhya Pradesh, 01-04-2020,Monthly,30.15,5455086,42.68,Rural
Madhya Pradesh, 01-05-2020,Monthly,31.2,5309761,40.22,Rural
Madhya Pradesh, 01-06-2020,Monthly,15.22,5831367,43.7,Rural
Madhya Pradesh, 01-07-2020,Monthly,8.78,6145854,44.94,Rural
Madhya Pradesh, 01-08-2020,Monthly,8.84,6160473,43.7,Rural
Madhya Pradesh, 01-09-2020,Monthly,7.25,6232535,44.85,Rural
Madhya Pradesh, 01-10-2020,Monthly,5.43,6196337,43.91,Rural
Madhya Pradesh, 01-01-2019,Monthly,6.47,13616293,48.85,Urban
Madhya Pradesh, 01-02-2019,Monthly,4.77,13989900,47.39,Urban
Madhya Pradesh, 01-03-2019,Monthly,6.01,13784730,51.29,Urban
Madhya Pradesh, 01-04-2019,Monthly,5.19,12946655,49.52,Urban
Madhya Pradesh, 01-05-2019,Monthly,7.05,13957046,49.56,Urban
Madhya Pradesh, 01-06-2019,Monthly,5.68,13958667,47.79,Urban
Madhya Pradesh, 01-07-2019,Monthly,6.26,13825732,50.84,Urban
Madhya Pradesh, 01-08-2019,Monthly,7.63,13676967,48.49,Urban
Madhya Pradesh, 01-09-2019,Monthly,5.96,13227870,48.21,Urban
Madhya Pradesh, 01-10-2019,Monthly,5.73,13588761,49.48,Urban
Madhya Pradesh, 01-11-2019,Monthly,5.48,14062225,49.25,Urban
Madhya Pradesh, 01-12-2019,Monthly,5.97,13622302,49.48,Urban
Madhya Pradesh, 01-01-2020,Monthly,6.47,13432442,48.26,Urban
Madhya Pradesh, 01-02-2020,Monthly,5.79,13357796,48.02,Urban
Madhya Pradesh, 01-03-2020,Monthly,5.69,13976345,49.64,Urban
Madhya Pradesh, 01-04-2020,Monthly,27.6,11812945,47.16,Urban
Madhya Pradesh, 01-05-2020,Monthly,35.59,11053915,41.17,Urban
Madhya Pradesh, 01-06-2020,Monthly,18.96,12735730,46.06,Urban
Madhya Pradesh, 01-07-2020,Monthly,12.36,13218874,47.37,Urban
Madhya Pradesh, 01-08-2020,Monthly,12.69,13023262,48.42,Urban
Madhya Pradesh, 01-09-2020,Monthly,8.05,13696962,46.77,Urban
Madhya Pradesh, 01-10-2020,Monthly,6.22,13305924,46.88,Urban
Maharashtra, 01-01-2019,Monthly,4.53,12027391,38.14,Rural
Maharashtra, 01-02-2019,Monthly,4.08,12048629,41.89,Rural
Maharashtra, 01-03-2019,Monthly,3.63,12261333,40.19,Rural
Maharashtra, 01-04-2019,Monthly,4.75,11909045,38.11,Rural
Maharashtra, 01-05-2019,Monthly,4.56,12299203,40.35,Rural
Maharashtra, 01-06-2019,Monthly,2.97,12599904,37.59,Rural
Maharashtra, 01-07-2019,Monthly,3.91,12115576,37.42,Rural
Maharashtra, 01-08-2019,Monthly,2.94,11797170,38.91,Rural
Maharashtra, 01-09-2019,Monthly,2.88,11951243,38.41,Rural
Maharashtra, 01-10-2019,Monthly,2.21,12469713,35.12,Rural
Maharashtra, 01-11-2019,Monthly,3.74,12167333,39.54,Rural
Maharashtra, 01-12-2019,Monthly,3.77,12652919,39.06,Rural
Maharashtra, 01-01-2020,Monthly,4.42,11937750,38.91,Rural
Maharashtra, 01-02-2020,Monthly,4.72,12033410,39.02,Rural
Maharashtra, 01-03-2020,Monthly,4.38,11936414,35.49,Rural
Maharashtra, 01-04-2020,Monthly,24.52,10647535,35.72,Rural
Maharashtra, 01-05-2020,Monthly,31.9,10197910,31.17,Rural
Maharashtra, 01-06-2020,Monthly,13.65,11400363,34.7,Rural
Maharashtra, 01-07-2020,Monthly,10.11,11678727,38.53,Rural
Maharashtra, 01-08-2020,Monthly,7.2,11605636,37.3,Rural
Maharashtra, 01-09-2020,Monthly,5.58,11787383,39.08,Rural
Maharashtra, 01-10-2020,Monthly,6.08,12108808,40.23,Rural
Maharashtra, 01-01-2019,Monthly,5.3,10774140,43.08,Urban
Maharashtra, 01-02-2019,Monthly,6.07,11216837,43.32,Urban
Maharashtra, 01-03-2019,Monthly,5.6,11065424,42.18,Urban
Maharashtra, 01-04-2019,Monthly,7.04,10581396,43.71,Urban
Maharashtra, 01-05-2019,Monthly,7.01,10937122,43.15,Urban
Maharashtra, 01-06-2019,Monthly,5.58,10993678,45.49,Urban
Maharashtra, 01-07-2019,Monthly,4.46,11450413,41.3,Urban
Maharashtra, 01-08-2019,Monthly,5.63,10935065,44.32,Urban
Maharashtra, 01-09-2019,Monthly,4.83,11186930,46.47,Urban
Maharashtra, 01-10-2019,Monthly,4.97,11116835,42.44,Urban
Maharashtra, 01-11-2019,Monthly,6.05,11005506,42.47,Urban
Maharashtra, 01-12-2019,Monthly,6.08,11395658,43.15,Urban
Maharashtra, 01-01-2020,Monthly,6.22,10704976,42.0,Urban
Maharashtra, 01-02-2020,Monthly,6.07,11325869,43.97,Urban
Maharashtra, 01-03-2020,Monthly,5.6,11031505,41.56,Urban
Maharashtra, 01-04-2020,Monthly,25.98,9726580,41.53,Urban
Maharashtra, 01-05-2020,Monthly,21.96,9898232,44.12,Urban
Maharashtra, 01-06-2020,Monthly,14.59,10258168,39.74,Urban
Maharashtra, 01-07-2020,Monthly,13.0,10803236,44.42,Urban
Maharashtra, 01-08-2020,Monthly,13.02,10544622,43.18,Urban
Maharashtra, 01-09-2020,Monthly,7.45,11077494,40.17,Urban
Maharashtra, 01-10-2020,Monthly,9.3,10625623,42.09,Urban
Meghalaya, 01-01-2019,Monthly,2.88,5034504,51.18,Rural
Meghalaya, 01-02-2019,Monthly,3.69,4852358,53.83,Rural
Meghalaya, 01-03-2019,Monthly,4.13,5256023,49.65,Rural
Meghalaya, 01-04-2019,Monthly,4.38,5063140,50.42,Rural
Meghalaya, 01-05-2019,Monthly,4.65,4936732,50.31,Rural
Meghalaya, 01-06-2019,Monthly,1.72,5108529,48.87,Rural
Meghalaya, 01-07-2019,Monthly,3.47,4910351,50.31,Rural
Meghalaya, 01-08-2019,Monthly,4.07,4996026,51.92,Rural
Meghalaya, 01-09-2019,Monthly,4.56,4943037,50.14,Rural
Meghalaya, 01-10-2019,Monthly,4.38,5088845,51.97,Rural
Meghalaya, 01-11-2019,Monthly,3.23,5063085,51.02,Rural
Meghalaya, 01-12-2019,Monthly,4.43,4926595,48.36,Rural
Meghalaya, 01-01-2020,Monthly,4.21,4735028,49.76,Rural
Meghalaya, 01-02-2020,Monthly,3.19,4918508,49.73,Rural
Meghalaya, 01-03-2020,Monthly,4.53,5062395,50.48,Rural
Meghalaya, 01-04-2020,Monthly,24.02,4486476,46.45,Rural
Meghalaya, 01-05-2020,Monthly,30.78,4079634,48.96,Rural
Meghalaya, 01-06-2020,Monthly,16.06,4634495,47.65,Rural
Meghalaya, 01-07-2020,Monthly,10.64,4738554,50.73,Rural
Meghalaya, 01-08-2020,Monthly,7.08,4966257,48.12,Rural
Meghalaya, 01-09-2020,Monthly,6.27,5006326,50.62,Rural
Meghalaya, 01-10-2020,Monthly,5.75,5003083,50.2,Rural
Meghalaya, 01-01-2019,Monthly,5.61,11681532,49.93,Urban
Meghalaya, 01-02-2019,Monthly,6.1,11392001,50.22,Urban
Meghalaya, 01-03-2019,Monthly,6.3,11089328,48.75,Urban
Meghalaya, 01-04-2019,Monthly,5.14,11408808,50.75,Urban
Meghalaya, 01-05-2019,Monthly,6.08,11620508,49.58,Urban
Meghalaya, 01-06-2019,Monthly,6.2,10989780,49.0,Urban
Meghalaya, 01-07-2019,Monthly,6.22,11424737,49.14,Urban
Meghalaya, 01-08-2019,Monthly,5.76,10924176,49.05,Urban
Meghalaya, 01-09-2019,Monthly,6.33,11354919,50.34,Urban
Meghalaya, 01-10-2019,Monthly,5.83,11262681,48.59,Urban
Meghalaya, 01-11-2019,Monthly,6.22,11328406,50.32,Urban
Meghalaya, 01-12-2019,Monthly,5.48,10799258,51.23,Urban
Meghalaya, 01-01-2020,Monthly,5.51,11088598,50.63,Urban
Meghalaya, 01-02-2020,Monthly,5.57,11518764,50.51,Urban
Meghalaya, 01-03-2020,Monthly,6.21,10927549,51.4,Urban
Meghalaya, 01-04-2020,Monthly,34.55,9263266,44.34,Urban
Meghalaya, 01-05-2020,Monthly,24.5,9684812,44.4,Urban
Meghalaya, 01-06-2020,Monthly,20.33,10105496,47.28,Urban
Meghalaya, 01-07-2020,Monthly,12.4,10432432,46.87,Urban
Meghalaya, 01-08-2020,Monthly,9.82,11100240,48.86,Urban
Meghalaya, 01-09-2020,Monthly,9.4,11330430,48.61,Urban
Meghalaya, 01-10-2020,Monthly,8.26,11025864,48.31,Urban
Odisha, 01-01-2019,Monthly,3.73,8569672,44.14,Rural
Odisha, 01-02-2019,Monthly,4.16,8424183,44.42,Rural
Odisha, 01-03-2019,Monthly,3.86,8265425,40.63,Rural
Odisha, 01-04-2019,Monthly,4.13,8237139,41.68,Rural
Odisha, 01-05-2019,Monthly,5.09,8266460,42.0,Rural
Odisha, 01-06-2019,Monthly,4.76,8487908,42.15,Rural
Odisha, 01-07-2019,Monthly,4.64,8370045,44.12,Rural
Odisha, 01-08-2019,Monthly,5.27,8676943,43.39,Rural
Odisha, 01-09-2019,Monthly,3.58,8722805,42.85,Rural
Odisha, 01-10-2019,Monthly,3.6,8526169,42.28,Rural
Odisha, 01-11-2019,Monthly,5.52,8584776,40.57,Rural
Odisha, 01-12-2019,Monthly,5.54,8468552,41.48,Rural
Odisha, 01-01-2020,Monthly,4.33,8248056,41.7,Rural
Odisha, 01-02-2020,Monthly,4.82,8433380,42.5,Rural
Odisha, 01-03-2020,Monthly,4.01,8517721,42.34,Rural
Odisha, 01-04-2020,Monthly,26.15,7314551,36.23,Rural
Odisha, 01-05-2020,Monthly,30.39,7144088,40.34,Rural
Odisha, 01-06-2020,Monthly,15.24,7872129,40.77,Rural
Odisha, 01-07-2020,Monthly,8.74,8387586,40.22,Rural
Odisha, 01-08-2020,Monthly,8.24,8308271,40.16,Rural
Odisha, 01-09-2020,Monthly,8.69,8461161,42.0,Rural
Odisha, 01-10-2020,Monthly,8.27,8330773,42.46,Rural
Odisha, 01-01-2019,Monthly,7.05,10511917,39.66,Urban
Odisha, 01-02-2019,Monthly,6.55,10502497,40.49,Urban
Odisha, 01-03-2019,Monthly,7.17,10808651,39.62,Urban
Odisha, 01-04-2019,Monthly,5.7,10479282,41.89,Urban
Odisha, 01-05-2019,Monthly,6.39,10672780,38.8,Urban
Odisha, 01-06-2019,Monthly,6.94,10210233,43.38,Urban
Odisha, 01-07-2019,Monthly,7.72,10127312,39.98,Urban
Odisha, 01-08-2019,Monthly,7.04,10249025,40.74,Urban
Odisha, 01-09-2019,Monthly,6.54,9963577,40.78,Urban
Odisha, 01-10-2019,Monthly,6.11,10286688,42.97,Urban
Odisha, 01-11-2019,Monthly,5.77,10580484,40.39,Urban
Odisha, 01-12-2019,Monthly,6.36,10537208,41.31,Urban
Odisha, 01-01-2020,Monthly,6.87,10540443,40.31,Urban
Odisha, 01-02-2020,Monthly,6.16,10160731,39.57,Urban
Odisha, 01-03-2020,Monthly,8.29,10502981,38.78,Urban
Odisha, 01-04-2020,Monthly,33.16,8523463,38.2,Urban
Odisha, 01-05-2020,Monthly,35.16,8565493,36.63,Urban
Odisha, 01-06-2020,Monthly,20.72,9644819,35.26,Urban
Odisha, 01-07-2020,Monthly,12.26,9928548,41.36,Urban
Odisha, 01-08-2020,Monthly,14.11,9794784,42.1,Urban
Odisha, 01-09-2020,Monthly,9.64,9972500,41.21,Urban
Odisha, 01-10-2020,Monthly,7.66,10311830,43.17,Urban
Puducherry, 01-01-2019,Monthly,5.68,4791841,39.09,Rural
Puducherry, 01-02-2019,Monthly,5.68,4761628,37.97,Rural
Puducherry, 01-03-2019,Monthly,5.0,4828830,40.04,Rural
Puducherry, 01-04-2019,Monthly,5.49,4686863,39.21,Rural
Puducherry, 01-05-2019,Monthly,5.92,4786716,37.12,Rural
Puducherry, 01-06-2019,Monthly,6.7,4848156,36.76,Rural
Puducherry, 01-07-2019,Monthly,6.5,4827015,40.26,Rural
Puducherry, 01-08-2019,Monthly,5.07,4866293,39.9,Rural
Puducherry, 01-09-2019,Monthly,6.18,4946997,40.64,Rural
Puducherry, 01-10-2019,Monthly,5.3,4730737,39.07,Rural
Puducherry, 01-11-2019,Monthly,6.11,4662408,39.55,Rural
Puducherry, 01-12-2019,Monthly,5.08,4756627,40.52,Rural
Puducherry, 01-01-2020,Monthly,4.24,4818912,40.19,Rural
Puducherry, 01-02-2020,Monthly,5.39,4953154,41.7,Rural
Puducherry, 01-03-2020,Monthly,5.19,4845795,42.13,Rural
Puducherry, 01-04-2020,Monthly,33.25,3933596,38.0,Rural
Puducherry, 01-05-2020,Monthly,25.71,4279286,37.76,Rural
Puducherry, 01-06-2020,Monthly,20.73,4238327,37.9,Rural
Puducherry, 01-07-2020,Monthly,10.62,4692235,40.26,Rural
Puducherry, 01-08-2020,Monthly,9.21,4590938,40.08,Rural
Puducherry, 01-09-2020,Monthly,7.8,4815183,38.32,Rural
Puducherry, 01-10-2020,Monthly,7.49,4639460,39.67,Rural
Puducherry, 01-01-2019,Monthly,8.39,8868884,44.15,Urban
Puducherry, 01-02-2019,Monthly,7.17,8679959,43.16,Urban
Puducherry, 01-03-2019,Monthly,8.21,8773882,42.07,Urban
Puducherry, 01-04-2019,Monthly,7.9,8754432,45.36,Urban
Puducherry, 01-05-2019,Monthly,8.27,8791265,43.3,Urban
Puducherry, 01-06-2019,Monthly,8.69,8702279,41.88,Urban
Puducherry, 01-07-2019,Monthly,8.69,8752256,42.51,Urban
Puducherry, 01-08-2019,Monthly,7.56,8745066,43.87,Urban
Puducherry, 01-09-2019,Monthly,7.97,8725302,45.72,Urban
Puducherry, 01-10-2019,Monthly,8.49,8675604,44.59,Urban
Puducherry, 01-11-2019,Monthly,7.23,8780963,45.89,Urban
Puducherry, 01-12-2019,Monthly,7.72,8537697,42.2,Urban
Puducherry, 01-01-2020,Monthly,7.19,8576743,42.62,Urban
Puducherry, 01-02-2020,Monthly,7.01,8726586,44.53,Urban
Puducherry, 01-03-2020,Monthly,7.3,8972125,43.94,Urban
Puducherry, 01-04-2020,Monthly,35.41,7304711,37.48,Urban
Puducherry, 01-05-2020,Monthly,26.91,7720621,38.57,Urban
Puducherry, 01-06-2020,Monthly,16.84,8020638,42.8,Urban
Puducherry, 01-07-2020,Monthly,14.33,8118243,43.11,Urban
Puducherry, 01-08-2020,Monthly,15.03,8128159,44.31,Urban
Puducherry, 01-09-2020,Monthly,10.36,8273515,42.97,Urban
Puducherry, 01-10-2020,Monthly,9.66,8693911,42.44,Urban
Punjab, 01-01-2019,Monthly,5.01,12849946,50.89,Rural
Punjab, 01-02-2019,Monthly,5.37,12952421,50.73,Rural
Punjab, 01-03-2019,Monthly,5.51,12726798,51.8,Rural
Punjab, 01-04-2019,Monthly,4.99,12996284,51.05,Rural
Punjab, 01-05-2019,Monthly,4.2,12912949,50.14,Rural
Punjab, 01-06-2019,Monthly,5.71,12968959,52.89,Rural
Punjab, 01-07-2019,Monthly,5.93,13123458,53.4,Rural
Punjab, 01-08-2019,Monthly,5.49,13062077,54.58,Rural
Punjab, 01-09-2019,Monthly,6.35,12457177,49.92,Rural
Punjab, 01-10-2019,Monthly,4.96,12868932,52.18,Rural
Punjab, 01-11-2019,Monthly,5.17,12816089,49.74,Rural
Punjab, 01-12-2019,Monthly,5.38,12940789,52.77,Rural
Punjab, 01-01-2020,Monthly,5.71,13035272,51.85,Rural
Punjab, 01-02-2020,Monthly,4.9,12997066,53.7,Rural
Punjab, 01-03-2020,Monthly,5.63,12597472,51.95,Rural
Punjab, 01-04-2020,Monthly,29.89,10951111,50.15,Rural
Punjab, 01-05-2020,Monthly,24.66,10916269,,Rural
Punjab, 01-06-2020,Monthly,19.16,12036241,49.1,Rural
Punjab, 01-07-2020,Monthly,12.79,12397083,52.14,Rural
Punjab, 01-08-2020,Monthly,12.61,12100840,51.73,Rural
Punjab, 01-09-2020,Monthly,7.1,12444477,49.09,Rural
Punjab, 01-10-2020,Monthly,9.38,12776918,,Rural
Punjab, 01-01-2019,Monthly,7.25,4333577,43.26,Urban
Punjab, 01-02-2019,Monthly,6.84,4285203,43.9,Urban
Punjab, 01-03-2019,Monthly,7.67,4291341,44.31,Urban
Punjab, 01-04-2019,Monthly,6.91,4404446,44.2,Urban
Punjab, 01-05-2019,Monthly,7.27,4412182,42.19,Urban
Punjab, 01-06-2019,Monthly,7.17,4357083,41.85,Urban
Punjab, 01-07-2019,Monthly,7.19,4239275,42.23,Urban
Punjab, 01-08-2019,Monthly,7.12,4354127,42.61,Urban
Punjab, 01-09-2019,Monthly,7.25,4414810,44.28,Urban
Punjab, 01-10-2019,Monthly,6.9,4277095,41.41,Urban
Punjab, 01-11-2019,Monthly,7.0,4349054,41.81,Urban
Punjab, 01-12-2019,Monthly,6.51,4353118,43.24,Urban
Punjab, 01-01-2020,Monthly,7.65,4313439,42.35,Urban
Punjab, 01-02-2020,Monthly,6.74,4384356,41.7,Urban
Punjab, 01-03-2020,Monthly,7.64,4206615,42.43,Urban
Punjab, 01-04-2020,Monthly,31.18,3629853,39.44,Urban
Punjab, 01-05-2020,Monthly,31.59,3573581,39.19,Urban
Punjab, 01-06-2020,Monthly,17.24,4001656,37.92,Urban
Punjab, 01-07-2020,Monthly,15.02,4227704,42.7,Urban
Punjab, 01-08-2020,Monthly,12.08,4344243,42.49,Urban
Punjab, 01-09-2020,Monthly,11.09,4339731,42.3,Urban
Punjab, 01-10-2020,Monthly,9.67,4020163,40.28,Urban
Rajasthan, 01-01-2019,Monthly,4.28,7934333,48.95,Rural
Rajasthan, 01-02-2019,Monthly,3.27,7742150,50.25,Rural
Rajasthan, 01-03-2019,Monthly,4.6,7560432,49.21,Rural
Rajasthan, 01-04-2019,Monthly,6.06,7495974,50.73,Rural
Rajasthan, 01-05-2019,Monthly,3.19,7957967,48.4,Rural
Rajasthan, 01-06-2019,Monthly,4.69,7550863,50.17,Rural
Rajasthan, 01-07-2019,Monthly,3.9,7677325,50.4,Rural
Rajasthan, 01-08-2019,Monthly,4.19,7834129,49.45,Rural
Rajasthan, 01-09-2019,Monthly,4.49,7829768,49.21,Rural
Rajasthan, 01-10-2019,Monthly,3.85,7708273,51.53,Rural
Rajasthan, 01-11-2019,Monthly,4.52,7628171,50.34,Rural
Rajasthan, 01-12-2019,Monthly,4.73,7829768,48.27,Rural
Rajasthan, 01-01-2020,Monthly,4.04,7676870,49.19,Rural
Rajasthan, 01-02-2020,Monthly,4.77,7793041,50.3,Rural
Rajasthan, 01-03-2020,Monthly,5.26,7830163,49.52,Rural
Rajasthan, 01-04-2020,Monthly,24.01,6822482,45.33,Rural
Rajasthan, 01-05-2020,Monthly,32.86,6308925,45.31,Rural
Rajasthan, 01-06-2020,Monthly,16.71,7088645,48.66,Rural
Rajasthan, 01-07-2020,Monthly,11.05,7238143,50.68,Rural
Rajasthan, 01-08-2020,Monthly,8.08,7610149,45.96,Rural
Rajasthan, 01-09-2020,Monthly,7.31,7761094,48.33,Rural
Rajasthan, 01-10-2020,Monthly,5.55,7388347,52.16,Rural
Rajasthan, 01-01-2019,Monthly,6.42,5498259,48.89,Urban
Rajasthan, 01-02-2019,Monthly,6.65,5369495,50.87,Urban
Rajasthan, 01-03-2019,Monthly,6.2,5427500,49.07,Urban
Rajasthan, 01-04-2019,Monthly,7.2,5459180,50.29,Urban
Rajasthan, 01-05-2019,Monthly,6.01,5643815,50.78,Urban
Rajasthan, 01-06-2019,Monthly,7.56,5486649,50.75,Urban
Rajasthan, 01-07-2019,Monthly,6.51,5685971,48.67,Urban
Rajasthan, 01-08-2019,Monthly,6.89,5507367,49.65,Urban
Rajasthan, 01-09-2019,Monthly,6.5,5570420,49.57,Urban
Rajasthan, 01-10-2019,Monthly,6.58,5714759,51.23,Urban
Rajasthan, 01-11-2019,Monthly,6.97,5475969,48.41,Urban
Rajasthan, 01-12-2019,Monthly,7.02,5621325,51.96,Urban
Rajasthan, 01-01-2020,Monthly,6.08,5531393,47.29,Urban
Rajasthan, 01-02-2020,Monthly,6.21,5663183,49.05,Urban
Rajasthan, 01-03-2020,Monthly,6.83,5509993,50.23,Urban
Rajasthan, 01-04-2020,Monthly,23.02,4965527,47.89,Urban
Rajasthan, 01-05-2020,Monthly,28.86,4613338,48.18,Urban
Rajasthan, 01-06-2020,Monthly,20.94,5129943,47.89,Urban
Rajasthan, 01-07-2020,Monthly,12.97,5504699,50.08,Urban
Rajasthan, 01-08-2020,Monthly,13.78,5261922,49.52,Urban
Rajasthan, 01-09-2020,Monthly,9.03,5388738,48.49,Urban
Rajasthan, 01-10-2020,Monthly,8.1,5512226,51.97,Urban
Sikkim, 01-01-2019,Monthly,6.84,8740833,40.22,Rural
Sikkim, 01-02-2019,Monthly,6.23,9091245,40.52,Rural
Sikkim, 01-03-2019,Monthly,6.2,9200020,43.31,Rural
Sikkim, 01-04-2019,Monthly,7.12,9362836,43.25,Rural
Sikkim, 01-05-2019,Monthly,6.24,9224080,42.73,Rural
Sikkim, 01-06-2019,Monthly,6.67,9075761,40.66,Rural
Sikkim, 01-07-2019,Monthly,5.75,9078082,42.25,Rural
Sikkim, 01-08-2019,Monthly,5.96,9160836,45.15,Rural
Sikkim, 01-09-2019,Monthly,5.32,9226243,41.93,Rural
Sikkim, 01-10-2019,Monthly,6.64,8967675,41.81,Rural
Sikkim, 01-11-2019,Monthly,6.45,9001854,39.75,Rural
Sikkim, 01-12-2019,Monthly,6.23,8811906,43.01,Rural
Sikkim, 01-01-2020,Monthly,5.25,9311864,42.68,Rural
Sikkim, 01-02-2020,Monthly,6.63,8654607,41.54,Rural
Sikkim, 01-03-2020,Monthly,7.06,8928182,40.41,Rural
Sikkim, 01-04-2020,Monthly,22.26,7914734,35.34,Rural
Sikkim, 01-05-2020,Monthly,33.65,7323141,38.62,Rural
Sikkim, 01-06-2020,Monthly,17.73,8104259,39.79,Rural
Sikkim, 01-07-2020,Monthly,14.24,8953609,,Rural
Sikkim, 01-08-2020,Monthly,11.1,8873246,39.8,Rural
Sikkim, 01-09-2020,Monthly,11.32,8868867,41.24,Rural
Sikkim, 01-10-2020,Monthly,7.3,9118530,42.06,Rural
Sikkim, 01-01-2019,Monthly,8.8,4400884,49.0,Urban
Sikkim, 01-02-2019,Monthly,8.17,4646565,49.06,Urban
Sikkim, 01-03-2019,Monthly,7.55,4559788,46.83,Urban
Sikkim, 01-04-2019,Monthly,7.9,4775303,45.98,Urban
Sikkim, 01-05-2019,Monthly,8.04,4630032,45.46,Urban
Sikkim, 01-06-2019,Monthly,8.13,4637653,46.77,Urban
Sikkim, 01-07-2019,Monthly,8.32,4554390,44.99,Urban
Sikkim, 01-08-2019,Monthly,8.56,4757193,47.29,Urban
Sikkim, 01-09-2019,Monthly,8.51,4661261,45.36,Urban
Sikkim, 01-10-2019,Monthly,9.39,4590299,49.71,Urban
Sikkim, 01-11-2019,Monthly,7.93,4782059,48.43,Urban
Sikkim, 01-12-2019,Monthly,8.7,4613339,46.89,Urban
Sikkim, 01-01-2020,Monthly,9.09,4593413,44.31,Urban
Sikkim, 01-02-2020,Monthly,7.7,4603803,47.73,Urban
Sikkim, 01-03-2020,Monthly,8.34,4714686,44.34,Urban
Sikkim, 01-04-2020,Monthly,32.05,3895427,43.6,Urban
Sikkim, 01-05-2020,Monthly,27.39,4082480,43.11,Urban
Sikkim, 01-06-2020,Monthly,22.51,4303427,44.55,Urban
Sikkim, 01-07-2020,Monthly,13.69,4542083,45.52,Urban
Sikkim, 01-08-2020,Monthly,16.28,4410348,44.38,Urban
Sikkim, 01-09-2020,Monthly,10.31,4375174,45.27,Urban
Sikkim, 01-10-2020,Monthly,9.71,4698974,46.32,Urban
Tamil Nadu, 01-01-2019,Monthly,3.03,4814044,48.87,Rural
Tamil Nadu, 01-02-2019,Monthly,3.74,4778790,49.81,Rural
Tamil Nadu, 01-03-2019,Monthly,3.18,4821145,50.7,Rural
Tamil Nadu, 01-04-2019,Monthly,3.22,4795440,50.45,Rural
Tamil Nadu, 01-05-2019,Monthly,3.43,4827111,49.56,Rural
Tamil Nadu, 01-06-2019,Monthly,4.14,4812366,49.82,Rural
Tamil Nadu, 01-07-2019,Monthly,3.74,4807610,47.97,Rural
Tamil Nadu, 01-08-2019,Monthly,3.74,4716657,51.97,Rural
Tamil Nadu, 01-09-2019,Monthly,3.39,4900444,49.63,Rural
Tamil Nadu, 01-10-2019,Monthly,3.58,4936297,50.17,Rural
Tamil Nadu, 01-11-2019,Monthly,3.18,4894649,51.52,Rural
Tamil Nadu, 01-12-2019,Monthly,3.21,4638788,49.66,Rural
Tamil Nadu, 01-01-2020,Monthly,3.94,4734327,50.56,Rural
Tamil Nadu, 01-02-2020,Monthly,3.14,4645791,49.56,Rural
Tamil Nadu, 01-03-2020,Monthly,3.94,4580974,50.95,Rural
Tamil Nadu, 01-04-2020,Monthly,29.91,3992560,47.19,Rural
Tamil Nadu, 01-05-2020,Monthly,20.29,4209317,50.53,Rural
Tamil Nadu, 01-06-2020,Monthly,11.47,4577534,48.68,Rural
Tamil Nadu, 01-07-2020,Monthly,10.34,4514763,50.38,Rural
Tamil Nadu, 01-08-2020,Monthly,10.82,4513328,48.32,Rural
Tamil Nadu, 01-09-2020,Monthly,6.23,4632699,51.01,Rural
Tamil Nadu, 01-10-2020,Monthly,7.59,4597221,49.55,Rural
Tamil Nadu, 01-01-2019,Monthly,4.82,7873172,49.67,Urban
Tamil Nadu, 01-02-2019,Monthly,6.63,7585470,49.4,Urban
Tamil Nadu, 01-03-2019,Monthly,6.91,7540858,46.03,Urban
Tamil Nadu, 01-04-2019,Monthly,4.41,7865044,45.51,Urban
Tamil Nadu, 01-05-2019,Monthly,5.31,7778721,48.61,Urban
Tamil Nadu, 01-06-2019,Monthly,5.79,7722582,50.25,Urban
Tamil Nadu, 01-07-2019,Monthly,4.97,7623273,47.17,Urban
Tamil Nadu, 01-08-2019,Monthly,6.04,7815038,49.01,Urban
Tamil Nadu, 01-09-2019,Monthly,6.25,7486031,50.83,Urban
Tamil Nadu, 01-10-2019,Monthly,6.45,7769574,51.0,Urban
Tamil Nadu, 01-11-2019,Monthly,4.54,7666834,47.23,Urban
Tamil Nadu, 01-12-2019,Monthly,5.97,7518612,49.47,Urban
Tamil Nadu, 01-01-2020,Monthly,6.36,7767824,48.76,Urban
Tamil Nadu, 01-02-2020,Monthly,4.94,7598022,50.21,Urban
Tamil Nadu, 01-03-2020,Monthly,6.0,7672261,47.7,Urban
Tamil Nadu, 01-04-2020,Monthly,19.53,7005906,45.57,Urban
Tamil Nadu, 01-05-2020,Monthly,20.31,7261858,44.1,Urban
Tamil Nadu, 01-06-2020,Monthly,16.02,7231243,46.89,Urban
Tamil Nadu, 01-07-2020,Monthly,8.9,7681318,47.86,Urban
Tamil Nadu, 01-08-2020,Monthly,10.6,7487676,46.63,Urban
Tamil Nadu, 01-09-2020,Monthly,7.46,7726348,48.69,Urban
Tamil Nadu, 01-10-2020,Monthly,6.98,7922018,48.42,Urban
Telangana, 01-01-2019,Monthly,5.16,12606309,50.43,Rural
Telangana, 01-02-2019,Monthly,4.6,12524228,48.9,Rural
Telangana, 01-03-2019,Monthly,5.18,12746340,52.35,Rural
Telangana, 01-04-2019,Monthly,3.71,11941631,51.67,Rural
Telangana, 01-05-2019,Monthly,4.0,12480474,52.91,Rural
Telangana, 01-06-2019,Monthly,4.06,12310819,51.02,Rural
Telangana, 01-07-2019,Monthly,3.67,12245345,50.64,Rural
Telangana, 01-08-2019,Monthly,4.27,12538911,54.75,Rural
Telangana, 01-09-2019,Monthly,4.51,12161642,52.73,Rural
Telangana, 01-10-2019,Monthly,3.5,12101380,49.71,Rural
Telangana, 01-11-2019,Monthly,4.28,12233992,50.56,Rural
Telangana, 01-12-2019,Monthly,4.62,12626128,50.74,Rural
Telangana, 01-01-2020,Monthly,4.12,12651773,49.38,Rural
Telangana, 01-02-2020,Monthly,3.47,12749405,52.32,Rural
Telangana, 01-03-2020,Monthly,3.98,12311620,49.23,Rural
Telangana, 01-04-2020,Monthly,28.33,10785592,48.64,Rural
Telangana, 01-05-2020,Monthly,30.75,10592620,47.78,Rural
Telangana, 01-06-2020,Monthly,14.81,12067664,47.66,Rural
Telangana, 01-07-2020,Monthly,11.53,11778076,53.35,Rural
Telangana, 01-08-2020,Monthly,9.77,12015412,48.39,Rural
Telangana, 01-09-2020,Monthly,7.48,11834926,53.17,Rural
Telangana, 01-10-2020,Monthly,6.2,12464996,48.02,Rural
Telangana, 01-01-2019,Monthly,7.41,12477105,52.67,Urban
Telangana, 01-02-2019,Monthly,5.65,12131050,50.35,Urban
Telangana, 01-03-2019,Monthly,6.75,12830990,51.63,Urban
Telangana, 01-04-2019,Monthly,6.31,12165676,52.42,Urban
Telangana, 01-05-2019,Monthly,5.87,12859819,50.14,Urban
Telangana, 01-06-2019,Monthly,7.41,12502940,50.37,Urban
Telangana, 01-07-2019,Monthly,6.14,12348726,51.21,Urban
Telangana, 01-08-2019,Monthly,6.5,12258442,50.32,Urban
Telangana, 01-09-2019,Monthly,6.5,11877540,51.26,Urban
Telangana, 01-10-2019,Monthly,5.87,12167599,48.04,Urban
Telangana, 01-11-2019,Monthly,5.38,12154064,49.51,Urban
Telangana, 01-12-2019,Monthly,7.62,12189025,50.84,Urban
Telangana, 01-01-2020,Monthly,6.69,12423230,50.45,Urban
Telangana, 01-02-2020,Monthly,5.74,12826624,53.28,Urban
Telangana, 01-03-2020,Monthly,5.44,12231807,50.15,Urban
Telangana, 01-04-2020,Monthly,23.31,10916754,48.97,Urban
Telangana, 01-05-2020,Monthly,23.63,11342676,48.51,Urban
Telangana, 01-06-2020,Monthly,17.83,11570543,51.04,Urban
Telangana, 01-07-2020,Monthly,10.37,12139920,47.7,Urban
Telangana, 01-08-2020,Monthly,9.69,12104835,48.29,Urban
Telangana, 01-09-2020,Monthly,9.54,12532445,53.56,Urban
Telangana, 01-10-2020,Monthly,9.7,11986299,51.4,Urban
Tripura, 01-01-2019,Monthly,5.23,5114641,51.02,Rural
Tripura, 01-02-2019,Monthly,4.6,5494490,51.97,Rural
Tripura, 01-03-2019,Monthly,5.01,5255658,53.24,Rural
Tripura, 01-04-2019,Monthly,4.85,5150172,52.44,Rural
Tripura, 01-05-2019,Monthly,4.79,5101873,49.28,Rural
Tripura, 01-06-2019,Monthly,5.82,5194137,50.29,Rural
Tripura, 01-07-2019,Monthly,4.76,5298787,50.73,Rural
Tripura, 01-08-2019,Monthly,4.03,5272193,52.98,Rural
Tripura, 01-09-2019,Monthly,5.58,5129955,53.08,Rural
Tripura, 01-10-2019,Monthly,5.03,5335161,52.03,Rural
Tripura, 01-11-2019,Monthly,3.99,5422492,51.25,Rural
Tripura, 01-12-2019,Monthly,5.24,5059152,51.93,Rural
Tripura, 01-01-2020,Monthly,5.56,5389573,53.27,Rural
Tripura, 01-02-2020,Monthly,5.23,5038744,51.37,Rural
Tripura, 01-03-2020,Monthly,4.54,5246038,49.35,Rural
Tripura, 01-04-2020,Monthly,22.54,4597552,46.62,Rural
Tripura, 01-05-2020,Monthly,20.84,4462012,45.24,Rural
Tripura, 01-06-2020,Monthly,19.41,4744515,47.21,Rural
Tripura, 01-07-2020,Monthly,8.28,5026053,52.2,Rural
Tripura, 01-08-2020,Monthly,10.79,5037771,48.3,Rural
Tripura, 01-09-2020,Monthly,7.54,5209044,48.28,Rural
Tripura, 01-10-2020,Monthly,7.04,5241465,47.7,Rural
Tripura, 01-01-2019,Monthly,7.59,3968872,38.62,Urban
Tripura, 01-02-2019,Monthly,5.34,3888214,38.98,Urban
Tripura, 01-03-2019,Monthly,6.29,3853201,41.37,Urban
Tripura, 01-04-2019,Monthly,7.3,3797372,36.68,Urban
Tripura, 01-05-2019,Monthly,6.7,3866783,39.82,Urban
Tripura, 01-06-2019,Monthly,6.58,3926154,41.98,Urban
Tripura, 01-07-2019,Monthly,7.39,3863001,38.8,Urban
Tripura, 01-08-2019,Monthly,6.68,3975501,38.13,Urban
Tripura, 01-09-2019,Monthly,6.93,3881911,38.32,Urban
Tripura, 01-10-2019,Monthly,6.07,3923773,38.98,Urban
Tripura, 01-11-2019,Monthly,7.2,3829998,40.91,Urban
Tripura, 01-12-2019,Monthly,6.37,4024613,36.45,Urban
Tripura, 01-01-2020,Monthly,7.16,3909086,37.88,Urban
Tripura, 01-02-2020,Monthly,7.15,3971514,35.75,Urban
Tripura, 01-03-2020,Monthly,7.2,3678233,37.63,Urban
Tripura, 01-04-2020,Monthly,24.87,3536476,34.77,Urban
Tripura, 01-05-2020,Monthly,28.06,3294206,37.98,Urban
Tripura, 01-06-2020,Monthly,17.3,3812340,35.64,Urban
Tripura, 01-07-2020,Monthly,13.16,3666107,38.12,Urban
Tripura, 01-08-2020,Monthly,13.7,3592984,38.69,Urban
Tripura, 01-09-2020,Monthly,10.81,3807356,39.64,Urban
Tripura, 01-10-2020,Monthly,10.24,3767169,37.79,Urban
Uttar Pradesh, 01-01-2019,Monthly,4.33,10341903,43.86,Rural
Uttar Pradesh, 01-02-2019,Monthly,5.3,10459341,42.51,Rural
Uttar Pradesh, 01-03-2019,Monthly,5.47,10170559,42.53,Rural
Uttar Pradesh, 01-04-2019,Monthly,5.4,10423912,47.05,Rural
Uttar Pradesh, 01-05-2019,Monthly,5.78,9711242,43.81,Rural
Uttar Pradesh, 01-06-2019,Monthly,5.47,10436715,44.14,Rural
Uttar Pradesh, 01-07-2019,Monthly,6.19,10278897,46.21,Rural
Uttar Pradesh, 01-08-2019,Monthly,5.17,10293147,45.11,Rural
Uttar Pradesh, 01-09-2019,Monthly,5.09,10106359,42.92,Rural
Uttar Pradesh, 01-10-2019,Monthly,4.99,10382746,41.12,Rural
Uttar Pradesh, 01-11-2019,Monthly,4.5,10690073,42.78,Rural
Uttar Pradesh, 01-12-2019,Monthly,5.56,9934208,44.01,Rural
Uttar Pradesh, 01-01-2020,Monthly,5.01,9953014,45.87,Rural
Uttar Pradesh, 01-02-2020,Monthly,6.15,10179789,45.37,Rural
Uttar Pradesh, 01-03-2020,Monthly,6.58,10327652,44.59,Rural
Uttar Pradesh, 01-04-2020,Monthly,35.51,8173224,40.88,Rural
Uttar Pradesh, 01-05-2020,Monthly,33.47,8541695,38.93,Rural
Uttar Pradesh, 01-06-2020,Monthly,20.09,9697408,,Rural
Uttar Pradesh, 01-07-2020,Monthly,10.11,10106341,42.03,Rural
Uttar Pradesh, 01-08-2020,Monthly,8.47,10060881,43.43,Rural
Uttar Pradesh, 01-09-2020,Monthly,9.84,9827111,44.44,Rural
Uttar Pradesh, 01-10-2020,Monthly,9.97,9762565,42.86,Rural
Uttar Pradesh, 01-01-2019,Monthly,6.61,11626563,44.44,Urban
Uttar Pradesh, 01-02-2019,Monthly,7.46,11919831,45.98,Urban
Uttar Pradesh, 01-03-2019,Monthly,6.94,11698160,45.09,Urban
Uttar Pradesh, 01-04-2019,Monthly,7.06,11650712,46.45,Urban
Uttar Pradesh, 01-05-2019,Monthly,7.29,11667304,48.04,Urban
Uttar Pradesh, 01-06-2019,Monthly,7.6,11396612,47.96,Urban
Uttar Pradesh, 01-07-2019,Monthly,7.36,11596557,46.66,Urban
Uttar Pradesh, 01-08-2019,Monthly,7.33,11266318,47.35,Urban
Uttar Pradesh, 01-09-2019,Monthly,6.95,11264385,47.79,Urban
Uttar Pradesh, 01-10-2019,Monthly,7.56,11656475,46.76,Urban
Uttar Pradesh, 01-11-2019,Monthly,7.68,11594659,48.07,Urban
Uttar Pradesh, 01-12-2019,Monthly,6.94,11556139,47.95,Urban
Uttar Pradesh, 01-01-2020,Monthly,7.44,11006382,47.64,Urban
Uttar Pradesh, 01-02-2020,Monthly,8.76,11308207,46.31,Urban
Uttar Pradesh, 01-03-2020,Monthly,7.66,11541485,49.19,Urban
Uttar Pradesh, 01-04-2020,Monthly,32.96,9802495,42.82,Urban
Uttar Pradesh, 01-05-2020,Monthly,25.03,10395173,43.14,Urban
Uttar Pradesh, 01-06-2020,Monthly,22.91,10327349,47.87,Urban
Uttar Pradesh, 01-07-2020,Monthly,14.01,10925121,46.59,Urban
Uttar Pradesh, 01-08-2020,Monthly,12.12,11168455,49.52,Urban
Uttar Pradesh, 01-09-2020,Monthly,11.01,11193807,47.78,Urban
Uttar Pradesh, 01-10-2020,Monthly,9.26,11462136,48.61,Urban
Uttarakhand, 01-01-2019,Monthly,7.63,7719780,47.43,Rural
Uttarakhand, 01-02-2019,Monthly,6.85,7675254,48.04,Rural
Uttarakhand, 01-03-2019,Monthly,6.58,7799069,49.25,Rural
Uttarakhand, 01-04-2019,Monthly,6.97,7501768,47.3,Rural
Uttarakhand, 01-05-2019,Monthly,7.43,7596364,47.67,Rural
Uttarakhand, 01-06-2019,Monthly,7.54,7422201,45.88,Rural
Uttarakhand, 01-07-2019,Monthly,5.78,7861179,47.78,Rural
Uttarakhand, 01-08-2019,Monthly,8.04,7434148,47.79,Rural
Uttarakhand, 01-09-2019,Monthly,7.54,7545477,45.43,Rural
Uttarakhand, 01-10-2019,Monthly,8.46,7799496,47.19,Rural
Uttarakhand, 01-11-2019,Monthly,7.72,7548810,46.27,Rural
Uttarakhand, 01-12-2019,Monthly,8.51,7333708,47.33,Rural
Uttarakhand, 01-01-2020,Monthly,7.46,7887116,49.1,Rural
Uttarakhand, 01-02-2020,Monthly,6.41,7685095,47.79,Rural
Uttarakhand, 01-03-2020,Monthly,7.27,7738726,45.64,Rural
Uttarakhand, 01-04-2020,Monthly,22.17,6830592,46.29,Rural
Uttarakhand, 01-05-2020,Monthly,24.31,6787785,45.06,Rural
Uttarakhand, 01-06-2020,Monthly,16.81,6873812,46.68,Rural
Uttarakhand, 01-07-2020,Monthly,13.16,7480656,46.87,Rural
Uttarakhand, 01-08-2020,Monthly,14.15,7212918,43.75,Rural
Uttarakhand, 01-09-2020,Monthly,11.12,7463668,46.99,Rural
Uttarakhand, 01-10-2020,Monthly,12.28,7451589,47.15,Rural
Uttarakhand, 01-01-2019,Monthly,9.55,6351135,47.1,Urban
Uttarakhand, 01-02-2019,Monthly,10.19,6406824,47.73,Urban
Uttarakhand, 01-03-2019,Monthly,10.01,6267090,47.39,Urban
Uttarakhand, 01-04-2019,Monthly,8.96,6147058,49.27,Urban
Uttarakhand, 01-05-2019,Monthly,8.31,6241557,45.45,Urban
Uttarakhand, 01-06-2019,Monthly,9.36,6337349,48.07,Urban
Uttarakhand, 01-07-2019,Monthly,8.79,6230080,49.26,Urban
Uttarakhand, 01-08-2019,Monthly,9.08,6408010,47.24,Urban
Uttarakhand, 01-09-2019,Monthly,9.52,6515498,49.44,Urban
Uttarakhand, 01-10-2019,Monthly,9.16,6397109,48.2,Urban
Uttarakhand, 01-11-2019,Monthly,9.42,6312801,48.32,Urban
Uttarakhand, 01-12-2019,Monthly,9.54,6223089,47.04,Urban
Uttarakhand, 01-01-2020,Monthly,8.58,6183585,46.74,Urban
Uttarakhand, 01-02-2020,Monthly,9.51,6237113,49.33,Urban
Uttarakhand, 01-03-2020,Monthly,9.43,6103391,49.55,Urban
Uttarakhand, 01-04-2020,Monthly,34.58,5354768,43.07,Urban
Uttarakhand, 01-05-2020,Monthly,24.96,5520564,45.54,Urban
Uttarakhand, 01-06-2020,Monthly,18.77,6042825,46.95,Urban
Uttarakhand, 01-07-2020,Monthly,12.88,6247786,47.94,Urban
Uttarakhand, 01-08-2020,Monthly,16.4,6217484,45.32,Urban
Uttarakhand, 01-09-2020,Monthly,11.7,6322262,48.02,Urban
Uttarakhand, 01-10-2020,Monthly,11.04,6112419,50.25,Urban
West Bengal, 01-01-2019,Monthly,3.63,10575152,39.66,Rural
West Bengal, 01-02-2019,Monthly,3.7,10165582,38.54,Rural
West Bengal, 01-03-2019,Monthly,4.61,10612931,38.6,Rural
West Bengal, 01-04-2019,Monthly,4.74,10160695,40.88,Rural
West Bengal, 01-05-2019,Monthly,4.74,10230743,39.59,Rural
West Bengal, 01-06-2019,Monthly,4.38,10055386,41.8,Rural
West Bengal, 01-07-2019,Monthly,3.98,10189584,39.17,Rural
West Bengal, 01-08-2019,Monthly,3.07,10255563,39.68,Rural
West Bengal, 01-09-2019,Monthly,3.26,10345066,40.79,Rural
West Bengal, 01-10-2019,Monthly,3.77,10459063,38.87,Rural
West Bengal, 01-11-2019,Monthly,4.5,10301017,42.4,Rural
West Bengal, 01-12-2019,Monthly,5.35,10126202,39.44,Rural
West Bengal, 01-01-2020,Monthly,3.75,10446487,42.07,Rural
West Bengal, 01-02-2020,Monthly,3.51,10417784,39.88,Rural
West Bengal, 01-03-2020,Monthly,4.27,10601296,39.72,Rural
West Bengal, 01-04-2020,Monthly,21.3,9266955,37.58,Rural
West Bengal, 01-05-2020,Monthly,25.43,8931320,36.01,Rural
West Bengal, 01-06-2020,Monthly,12.97,9767050,39.73,Rural
West Bengal, 01-07-2020,Monthly,10.38,10114428,40.78,Rural
West Bengal, 01-08-2020,Monthly,8.58,10296438,40.42,Rural
West Bengal, 01-09-2020,Monthly,7.11,10331516,39.38,Rural
West Bengal, 01-10-2020,Monthly,6.58,10471934,39.14,Rural
West Bengal, 01-01-2019,Monthly,6.25,10414622,40.87,Urban
West Bengal, 01-02-2019,Monthly,6.03,10798608,41.73,Urban
West Bengal, 01-03-2019,Monthly,5.0,10633241,42.87,Urban
West Bengal, 01-04-2019,Monthly,6.23,10772646,42.91,Urban
West Bengal, 01-05-2019,Monthly,7.01,10567366,42.48,Urban
West Bengal, 01-06-2019,Monthly,4.93,10601275,42.49,Urban
West Bengal, 01-07-2019,Monthly,6.47,10653214,41.23,Urban
West Bengal, 01-08-2019,Monthly,6.0,10728921,45.29,Urban
West Bengal, 01-09-2019,Monthly,6.43,10719124,43.09,Urban
West Bengal, 01-10-2019,Monthly,6.13,10842542,41.0,Urban
West Bengal, 01-11-2019,Monthly,5.69,10443462,43.57,Urban
West Bengal, 01-12-2019,Monthly,6.64,10419006,39.41,Urban
West Bengal, 01-01-2020,Monthly,5.65,10803678,43.8,Urban
West Bengal, 01-02-2020,Monthly,6.15,10517388,41.08,Urban
West Bengal, 01-03-2020,Monthly,6.21,10396752,46.27,Urban
West Bengal, 01-04-2020,Monthly,24.19,9506707,37.49,Urban
West Bengal, 01-05-2020,Monthly,33.33,9118285,38.89,Urban
West Bengal, 01-06-2020,Monthly,16.43,9826846,40.43,Urban
West Bengal, 01-07-2020,Monthly,12.77,10402521,41.55,Urban
West Bengal, 01-08-2020,Monthly,11.32,10251860,42.27,Urban
West Bengal, 01-09-2020,Monthly,9.01,10170140,44.63,Urban
West Bengal, 01-10-2020,Monthly,9.35,9939312,43.16,Urban
